,entity,word,score
0,ORG,CNews,0.9762073159217834
1,ORG,LFI,0.9945557713508606
2,ORG,LFI,0.9949725866317749
3,ORG,SOS M√©diterran√©e,0.9936608076095581
4,LOC,Afrique,0.9874831438064575
5,ORG,BFMTV,0.9932798743247986
6,PER,G√©rald Darmanin,0.9989872574806213
7,ORG,BFMTV,0.9845943450927734
8,ORG,m,0.5776730179786682
9,ORG,Rassemblement National,0.9949897527694702
10,PER,Darmanin,0.9986026287078857
11,LOC,France,0.9874427914619446
12,ORG,BFMTV,0.985156238079071
13,PER,G√©rald Darmanin,0.9984130263328552
14,LOC,France,0.9699804186820984
15,ORG,Front national,0.9937644004821777
16,ORG,BFMTV,0.9800777435302734
17,LOC,Fran√ßais,0.7664692997932434
18,ORG,france24,0.8159441351890564
19,LOC,france,0.9861800074577332
20,ORG,lopinion.fr,0.9158633351325989
21,LOC,sainte-soline,0.9863812327384949
22,ORG,gdefournas,0.9769853353500366
23,ORG,Secr√©taire d,0.9672895669937134
24,ORG,√âtat √† la Mer,0.9652987122535706
25,ORG,Secr√©taire d,0.9470059871673584
26,ORG,√âtat charg√© de la Mer,0.9449435472488403
27,ORG,gdefournas,0.5100712180137634
28,LOC,#SainteSoline,0.9732033610343933
29,LOC,√âtat,0.9623629450798035
30,LOC,Notre-Dame-des-Landes,0.9983178377151489
31,ORG,Gendarmerie,0.8714473247528076
32,LOC,SainteSoline,0.6629301905632019
33,MISC,#R√©pondrePr√©sent,0.7602781653404236
34,ORG,Gendarmerie,0.6729918718338013
35,ORG,gendarmerie,0.7032999396324158
36,PER,G√©rald #Darmanin,0.9988981485366821
37,MISC,S,0.8678705096244812
38,MISC,#,0.5233925580978394
39,LOC,SainteSoline,0.6100481748580933
40,ORG,EELV/LFI,0.9918424487113953
41,MISC,#,0.6498498320579529
42,LOC,SainteSoline,0.5146809816360474
43,PER,fournas,0.5003607273101807
44,ORG,BFMTV,0.9883242249488831
45,MISC,#SainteSoline,0.943461537361145
46,PER,gdefournas,0.7078030109405518
47,ORG,Bleu_Poitou,0.7022612690925598
48,LOC,Sainte-Soline,0.9799162149429321
49,ORG,Bleu_Poitou,0.9592629075050354
50,ORG,BFMTV,0.9935946464538574
51,PER,Sandrine Rousseau,0.9971897602081299
52,ORG,BFMTV,0.9929976463317871
53,ORG,bfmtv,0.9444000124931335
54,PER,@diaz_edwige,0.9916763305664062
55,PER,@guibert_olivier,0.9931198358535767
56,LOC,#SainteSoline,0.9628570675849915
57,LOC,Deux-S√®vres,0.9987666010856628
58,LOC,cfourniereelv,0.7750514149665833
59,PER,MauzZAD_,0.6283676624298096
60,ORG,EELV,0.9939761161804199
61,ORG,LFI,0.9942463636398315
62,LOC,SainteSoline,0.9466335773468018
63,LOC,Bassines,0.9204440116882324
64,ORG,Prefet79,0.5509308576583862
65,LOC,#SainteSoline,0.9822571873664856
66,ORG,Prefet,0.9843588471412659
67,ORG,prefet,0.9520047307014465
68,LOC,Deux-Sevres,0.9985805749893188
69,PER,Rousseau,0.9695050120353699
70,MISC,Gouvernement,0.4190073609352112
71,LOC,Bassines,0.8026461601257324
72,LOC,DeuxS√®vres,0.9567120671272278
73,MISC,#BassinesNonMerci,0.9163269400596619
74,MISC,#JO2024,0.7262154221534729
75,MISC,Paris,0.8512267470359802
76,LOC,Potemkine,0.4517079293727875
77,LOC,Fran√ßais,0.5610384941101074
78,PER,Macron,0.9978024363517761
79,PER,Hidalgo,0.9974184036254883
80,MISC,paris,0.5957797169685364
81,MISC,PLF,0.8403569459915161
82,PER,Darmanin,0.9986036419868469
83,LOC,Bleu_Gironde,0.45712989568710327
84,PER,Le Pr√©sident de la R√©publique,0.8822458386421204
85,MISC,Canadairs,0.9388557076454163
86,LOC,Bleu_Gironde,0.654024600982666
87,LOC,Nord Ouest,0.974273681640625
88,LOC,Lesparre,0.9972844123840332
89,PER,#Darmanin,0.9911721348762512
90,ORG,#RN,0.9869062900543213
91,ORG,lepoint,0.7014013528823853
92,PER,darmanin,0.9981980323791504
93,PER,@T_Houssin,0.9935806393623352
94,ORG,groupeRN_off,0.6446914672851562
95,LOC,France,0.9811480641365051
96,LOC,Houssin,0.6633077263832092
97,LOC,Fran√ßais,0.5904815196990967
98,ORG,Controleuse g√©n√©rale des lieux de privation des libert√©,0.839595377445221
99,PER,Dominique Simonnot,0.9985828399658203
100,ORG,AssembleeNationale,0.9873914122581482
101,ORG,Ministre de la Sant√©,0.7271040678024292
102,PER,S√©gur,0.899815559387207
103,LOC,Fran√ßais,0.5679239630699158
104,ORG,gdefournas,0.9451762437820435
105,ORG,EDF,0.991939127445221
106,MISC,AN_AfEco,0.49970778822898865
107,PER,Luc Remont,0.9989314079284668
108,PER,Macron,0.9967429041862488
109,ORG,EDF,0.9863234758377075
110,ORG,Alstom,0.9943984150886536
111,ORG,G√©n√©ral Electric,0.9943821430206299
112,ORG,edf,0.8393728733062744
113,PER,luc,0.9980621933937073
114,PER,remont,0.9987365007400513
115,ORG,alstom,0.9894176721572876
116,PER,Roanne,0.6481538414955139
117,PER,Roussel,0.9988690614700317
118,PER,Fabien_Roussel,0.9988934397697449
119,PER,JulienNeny,0.9538795948028564
120,PER,Marine Le Pen,0.9981353878974915
121,ORG,LR,0.9929332733154297
122,ORG,RN,0.9903355836868286
123,ORG,NUPES,0.9879164099693298
124,PER,Olivier Marleix,0.9987673759460449
125,ORG,france2,0.6046388149261475
126,LOC,M√©doc,0.9975973963737488
127,LOC,l,0.507129430770874
128,LOC,Assembl√©e nationale,0.6871535778045654
129,LOC,gironde,0.8896200656890869
130,PER,pyromane,0.945428192615509
131,PER,presume,0.810646653175354
132,PER,de,0.8389460444450378
133,PER,soulac,0.9007821679115295
134,PER,gdefournas,0.8515349626541138
135,ORG,#LFI,0.9263334274291992
136,ORG,#Nupes,0.9541832208633423
137,ORG,#RN,0.7574445605278015
138,PER,@Le_Figaro,0.9404382109642029
139,ORG,#NUPES,0.7563633918762207
140,ORG,gdefournas,0.9467233419418335
141,MISC,Egalim 2,0.9482080340385437
142,ORG,UE,0.9868103265762329
143,PER,BVoltaire,0.9699749946594238
144,PER,Benjam1Lucas,0.6470029950141907
145,LOC,Montoire,0.986255407333374
146,PER,P√©tain,0.9977099895477295
147,PER,Hitler,0.9959582686424255
148,MISC,Collaboration,0.8395259380340576
149,ORG,SO,0.4816950857639313
150,MISC,_,0.3484635055065155
151,LOC,Bordeaux,0.9485909342765808
152,LOC,Bordeaux,0.9974156618118286
153,ORG,Daech,0.9476013779640198
154,LOC,rue Sainte-Catherine,0.9685732126235962
155,ORG,daech,0.8858247995376587
156,ORG,SO_Bordeaux,0.6604083180427551
157,ORG,so,0.550721287727356
158,ORG,bordeaux,0.4088582396507263
159,PER,Benjamin Lucas,0.9977984428405762
160,ORG,RN,0.9829548001289368
161,PER,Benjam1Lucas,0.9506046175956726
162,MISC,#MotionDeCensure,0.86265629529953
163,PER,Benjam1Lucas,0.9898455739021301
164,MISC,Fran√ßais,0.5249031186103821
165,ORG,LR,0.994938850402832
166,PER,Emmanuel Macron,0.9983631372451782
167,PER,Marleix,0.9961622357368469
168,ORG,BFMTV,0.9936332702636719
169,ORG,LR,0.9949860572814941
170,ORG,RN,0.9854972958564758
171,ORG,Nupes,0.9530014991760254
172,ORG,BFMTV,0.9941938519477844
173,ORG,bfmtv,0.9823095202445984
174,PER,Marine Le Pen,0.9984435439109802
175,ORG,RN,0.9861956834793091
176,ORG,Nupes,0.6442159414291382
177,LOC,Fran√ßais,0.7010819315910339
178,LOC,Pr√©f√®te,0.9902188777923584
179,LOC,Gironde,0.9975505471229553
180,PER,Diallo,0.9977178573608398
181,PER,KarfaDIALLO,0.9841073155403137
182,LOC,Mosqu√©e de Pessac,0.9895246624946594
183,PER,KarfaDIALLO,0.9964189529418945
184,PER,karfadiallo,0.7295905351638794
185,LOC,√âtat,0.7402967810630798
186,ORG,lemonde.fr,0.8554076552391052
187,ORG,conseil-d-etat,0.8732917308807373
188,PER,Olivier V√©ran,0.9989521503448486
189,LOC,Fran√ßais,0.8115350604057312
190,ORG,LCP,0.9700700044631958
191,PER,Mazarine Pingeot,0.9989740252494812
192,MISC,entit√©,0.481091171503067
193,LOC,#France,0.6761102676391602
194,MISC,Entretiens,0.6383629441261292
195,ORG,LCP,0.9280392527580261
196,LOC,Salaunes,0.9980556964874268
197,ORG,DFCI,0.9912615418434143
198,LOC,√éle-de-France,0.9987376928329468
199,LOC,Bordeaux,0.9970393180847168
200,ORG,#RN,0.9641976356506348
201,MISC,#Lola,0.7903744578361511
202,ORG,SO_,0.7163626551628113
203,LOC,Bordeaux,0.7838669419288635
204,LOC,Gironde,0.9663100242614746
205,ORG,SO_Bordeaux,0.9043608903884888
206,ORG,so_bordeaux,0.7595794200897217
207,LOC,l,0.9594537615776062
208,LOC,Alg√©rie,0.9781088829040527
209,LOC,France,0.9907163977622986
210,ORG,BFMTV,0.9922978281974792
211,PER,Bruce_Toussaint,0.9989574551582336
212,PER,gdefournas,0.6870313882827759
213,LOC,Paris,0.9978734254837036
214,LOC,Bordeaux,0.9977062940597534
215,LOC,Gouvernement,0.5463686585426331
216,MISC,#Lola,0.7865555882453918
217,LOC,Lesparre,0.9983109831809998
218,LOC,M√©doc,0.9978400468826294
219,LOC,France,0.982533872127533
220,MISC,Lola,0.7387301921844482
221,ORG,Justice,0.6250763535499573
222,PER,#Macron,0.9460217356681824
223,PER,Dupont-Moretti,0.9986149668693542
224,ORG,f1,0.5599521994590759
225,ORG,BFMTV,0.9934096336364746
226,PER,Macron,0.9978135824203491
227,MISC,Toussaint,0.9783831238746643
228,ORG,bfmtv,0.9803324341773987
229,PER,macron,0.8921420574188232
230,ORG,BFMTV,0.9942017197608948
231,ORG,bfmtv,0.9914228916168213
232,PER,madame,0.650902271270752
233,PER,sandrousseau,0.9955130219459534
234,PER,Cau_Marie,0.9967427253723145
235,MISC,QuelleEpoqueOff,0.8447055220603943
236,PER,sandrousseau,0.9943110942840576
237,MISC,Lola,0.5423545837402344
238,MISC,Lola,0.7802497148513794
239,LOC,la France,0.9310349225997925
240,MISC,PLF,0.9797724485397339
241,PER,GauthierBret,0.9916287064552307
242,PER,@BrunoLeMaire,0.9696062207221985
243,ORG,Modem,0.9951211214065552
244,PER,Elisabeth_Borne,0.9990226626396179
245,PER,gauthierbret,0.9658957719802856
246,ORG,SO_Bordeaux,0.8601599931716919
247,LOC,Bordeaux,0.9597280025482178
248,PER,Amouroux-Carmona,0.9271772503852844
249,ORG,LR,0.9914030432701111
250,LOC,Caud√©ran,0.9986422061920166
251,ORG,SO_Bordeaux,0.9181240797042847
252,ORG,so_bordeaux,0.8385993838310242
253,MISC,Foul√©es des Vignerons,0.766730010509491
254,LOC,Arsac,0.9963286519050598
255,PER,fournas,0.5349080562591553
256,ORG,SO,0.6017184853553772
257,MISC,_Bord,0.5758249163627625
258,LOC,eaux,0.4717024266719818
259,LOC,Bordeaux,0.959056556224823
260,LOC,quai des Chartrons,0.9245672225952148
261,ORG,SO_Bordeaux,0.7876265645027161
262,LOC,Gironde,0.9783520698547363
263,PER,fournas,0.6054979562759399
264,PER,MLP_,0.6858795285224915
265,PER,MathieuMlefevre,0.9989199638366699
266,PER,mathieumlefevre,0.9914824366569519
267,ORG,RN,0.9897744655609131
268,LOC,_Bordeaux,0.6142243146896362
269,PER,Bleu_Gironde,0.5311673283576965
270,LOC,LCP,0.7437465786933899
271,ORG,Renaissance,0.7083261013031006
272,ORG,@SoPanonacle,0.7098516821861267
273,ORG,irectAN,0.385643869638443
274,ORG,LCP,0.692791223526001
275,LOC,Fran√ßais,0.7034873366355896
276,ORG,lesechos.,0.8202387094497681
277,ORG,edf,0.9944606423377991
278,LOC,la R√©publique,0.5024447441101074
279,PER,androusseau,0.6300437450408936
280,ORG,LCP,0.5709797143936157
281,PER,sandrousseau,0.9282729625701904
282,ORG,Conseil des Ministres,0.9167947173118591
283,ORG,LCP,0.9097393751144409
284,PER,GabrielAttal,0.9987376928329468
285,ORG,DirectAN,0.7950265407562256
286,ORG,Budget,0.6779837608337402
287,ORG,PLF,0.7928029298782349
288,ORG,LCP,0.9503515958786011
289,LOC,bordelais,0.6881576180458069
290,PER,gdefournas,0.6948640942573547
291,MISC,Projet de Loi de Finance,0.9877150654792786
292,PER,@BarthesChristop,0.9942708015441895
293,MISC,AN,0.3676496148109436
294,ORG,lemonde.fr/,0.8893892168998718
295,LOC,SO_Bordeaux,0.8509097099304199
296,LOC,Bordeaux,0.9894940257072449
297,PER,Pierre Hurmic,0.998256504535675
298,PER,pierre,0.6446375846862793
299,PER,hurmic,0.7211923003196716
300,ORG,SO_Bordeaux,0.8458396792411804
301,ORG,so,0.5206314325332642
302,ORG,bordeaux,0.6016843318939209
303,MISC,Fran√ßais,0.5618442296981812
304,PER,Benjam1Lucas,0.943885326385498
305,ORG,RN,0.9793628454208374
306,ORG,SO,0.5551753640174866
307,LOC,Bordeaux,0.6214331984519958
308,LOC,Bordeaux,0.9847174286842346
309,PER,Pierre Hurmic,0.9990279078483582
310,PER,hurmic,0.6262614130973816
311,ORG,SO_Bordeaux,0.9583950042724609
312,ORG,#RN,0.9930499196052551
313,LOC,Fran√ßais,0.5827330350875854
314,PER,BrunoLaHaine,0.5272528529167175
315,LOC,l,0.5825068354606628
316,LOC,Assembl√©e nationale,0.6599555015563965
317,ORG,RN,0.9938596487045288
318,ORG,Frexit,0.8277347087860107
319,PER,Alexsulzer,0.992994487285614
320,LOC,auroreberge,0.7852317690849304
321,ORG,LFI,0.9943583011627197
322,ORG,PS,0.9941228032112122
323,ORG,EELV,0.9943311810493469
324,ORG,LR,0.9935438632965088
325,ORG,PCF,0.993363618850708
326,ORG,RN,0.9930154085159302
327,LOC,assembl√©e nationale,0.47302424907684326
328,LOC,auroreberg,0.3601926267147064
329,LOC,l,0.4988628923892975
330,LOC,Assembl√©e Nationale,0.5599390268325806
331,PER,Emmanuel Macron,0.9981476068496704
332,PER,Lemaire,0.9990613460540771
333,ORG,#Exxelia,0.9333136677742004
334,PER,BrunoLeMaire,0.9987195134162903
335,PER,Marine Le Pen,0.9976449012756348
336,ORG,Rassemblement national,0.9873058795928955
337,PER,BrunoLeMaire,0.9959995746612549
338,PER,T_Cazenave,0.9955088496208191
339,ORG,#RassemblementNational,0.981252133846283
340,PER,BrunoLeMaire,0.9972235560417175
341,PER,gdefournas,0.738644003868103
342,PER,@T_Cazenave,0.9982600808143616
343,PER,@RRebeyrotte,0.9981968402862549
344,PER,#Tartuffe,0.9828783273696899
345,LOC,LCP,0.553945779800415
346,PER,@T_Cazenave,0.9981616139411926
347,PER,@BrunoLeMaire,0.9971557259559631
348,ORG,@RNational_,0.649413526058197
349,PER,off,0.5371460914611816
350,ORG,C,0.44855833053588867
351,LOC,l,0.6102660894393921
352,LOC,Assembl√©e nationale,0.7672553658485413
353,ORG,RN,0.980891764163971
354,ORG,Frexit,0.5045381188392639
355,PER,Alexsulzer,0.9849147796630859
356,PER,Braun Pivet,0.999060869216919
357,PER,Villepin,0.9942343235015869
358,ORG,LCP,0.987372875213623
359,PER,@AlexandreLoubet,0.992592453956604
360,PER,@BrunoLeMaire,0.9967780113220215
361,PER,@YaelBRAUNPIVET,0.9917008876800537
362,ORG,RN,0.9933944344520569
363,ORG,DirectAN,0.5951778888702393
364,ORG,LCP,0.899997353553772
365,ORG,LCP,0.9930955171585083
366,PER,Damien Abad,0.9984882473945618
367,PER,Adrien Quatennens,0.9987932443618774
368,PER,@auroreberge,0.9664266705513
369,ORG,LCP,0.979438066482544
370,ORG,lcp,0.6518353223800659
371,ORG,Canadair,0.9827684164047241
372,ORG,SO_,0.5768352150917053
373,LOC,Bordeaux,0.715242862701416
374,LOC,Gironde,0.8087663054466248
375,ORG,SO_Bordeaux,0.816968560218811
376,MISC,Fran√ßais,0.5345011949539185
377,PER,illa,0.5670157074928284
378,LOC,Etat,0.9013399481773376
379,LOC,Etat,0.9226734042167664
380,PER,guillaumekasba,0.9879138469696045
381,PER,guillaumekasba,0.9931012988090515
382,PER,@diaz_edwige,0.9230927228927612
383,LOC,Saint Vivien de M√©doc,0.9926550984382629
384,PER,√âlisabeth #Borne,0.9927095174789429
385,LOC,l,0.8068369030952454
386,LOC,Alg√©rie,0.9000610113143921
387,LOC,√âtat,0.9493629336357117
388,LOC,la France,0.896428108215332
389,PER,elisabeth-borne,0.8651163578033447
390,LOC,alger,0.6911925077438354
391,LOC,la,0.6905264258384705
392,LOC,france,0.9707161784172058
393,LOC,France,0.9685876369476318
394,LOC,Fran√ßais,0.8035350441932678
395,PER,#Macron,0.8634726405143738
396,ORG,BFMTV,0.9784868359565735
397,PER,Agn√®s Pannier-Runacher,0.998984694480896
398,LOC,Fran√ßais,0.8514364361763
399,ORG,BFMTV,0.9003909230232239
400,ORG,fm,0.5855873823165894
401,LOC,Gironde,0.9951198101043701
402,ORG,SO,0.6068794131278992
403,MISC,_,0.47545695304870605
404,LOC,Bordeaux,0.5044804215431213
405,LOC,Bassin d,0.9948157072067261
406,LOC,Arcachon,0.9985833168029785
407,LOC,La Teste,0.9986979961395264
408,ORG,France 2,0.9340932369232178
409,ORG,SO_Bordeaux,0.7298373579978943
410,ORG,so,0.5549068450927734
411,ORG,bord,0.42434266209602356
412,PER,@J_Bardella,0.9853658080101013
413,LOC,Gironde,0.995429277420044
414,ORG,@RNational_off,0.9936118125915527
415,PER,gdefournas,0.7544970512390137
416,PER,Jean Luc,0.9768067598342896
417,PER,JLMelenchon,0.9969882965087891
418,PER,faureolivier,0.95113205909729
419,ORG,Gouvernement,0.35688573122024536
420,ORG,BFMTV,0.993869960308075
421,ORG,BFMTV,0.985171377658844
422,ORG,bfmtv,0.9252061247825623
423,PER,Benjam1Lucas,0.9283807873725891
424,ORG,RN,0.9879493713378906
425,PER,Benjam1Lucas,0.9722774624824524
426,PER,Roussel,0.9990407228469849
427,PER,Fabien Roussel,0.9991112351417542
428,PER,Adrien Quatennens,0.9991503953933716
429,ORG,Assembl√©e nationale,0.8563902974128723
430,PER,bien,0.9582006931304932
431,PER,roussel,0.8914695978164673
432,PER,rien,0.5810605883598328
433,ORG,#MarineLePen,0.9577100872993469
434,ORG,france,0.7002166509628296
435,LOC,la,0.8058598041534424
436,LOC,france,0.9931479096412659
437,ORG,Justice,0.4236525297164917
438,ORG,cnews,0.6531162858009338
439,LOC,nantes-ger,0.8334569334983826
440,PER,ald-darmanin,0.8803501129150391
441,ORG,#RN,0.9849631190299988
442,LOC,Fran√ßais,0.5351403951644897
443,ORG,MLP_,0.7275152206420898
444,ORG,rn,0.5710895657539368
445,ORG,SO,0.437104195356369
446,LOC,_Bordeaux,0.7105588912963867
447,LOC,Bordeaux,0.9851474165916443
448,ORG,SO_,0.6635618209838867
449,LOC,Bordeaux,0.6018921136856079
450,ORG,so,0.46080633997917175
451,LOC,bordeaux,0.6050904989242554
452,LOC,La France,0.9442750215530396
453,LOC,La France,0.950602650642395
454,ORG,CNEW,0.464428573846817
455,PER,Elisabeth Borne,0.9981057047843933
456,ORG,#SNCF,0.8747062087059021
457,LOC,LGV Tours-Bordeaux,0.9972842931747437
458,PER,Alain Jupp√©,0.9985491633415222
459,PER,Alain Rousset,0.9987385869026184
460,LOC,R√©gion,0.9812833666801453
461,LOC,La France,0.9380451440811157
462,ORG,tvinfo,0.5348029136657715
463,PER,@GDarmanin,0.9148944616317749
464,LOC,bretagne,0.7450555562973022
465,LOC,bretagne,0.9908527135848999
466,LOC,pelicandrome,0.7376309037208557
467,ORG,gdefournas,0.6313106417655945
468,LOC,DamienObrador,0.915955662727356
469,LOC,R√©gion Nouvelle-Aquitaine,0.99708491563797
470,ORG,RNational_NA,0.7120636105537415
471,PER,Rousset,0.9929928779602051
472,MISC,#OnContinue,0.9706991910934448
473,LOC,la France,0.9176126718521118
474,ORG,bfmtv,0.9277850389480591
475,ORG,SO_Bord,0.7508211135864258
476,LOC,eaux,0.5345607995986938
477,PER,Virginie Calmels,0.9990986585617065
478,ORG,SO_Bordeaux,0.9554235339164734
479,ORG,so_bordeaux,0.7720415592193604
480,MISC,Gregoire_Gllmn,0.8929875493049622
481,PER,Franck Riester,0.9990978837013245
482,PER,@JphTanguy,0.9677596688270569
483,LOC,Fran√ßais,0.9142674803733826
484,LOC,Espagnols,0.983647346496582
485,MISC,Gregoire,0.6580750346183777
486,MISC,F√™te du Terroir,0.8429582715034485
487,LOC,Salaunes,0.9957751631736755
488,LOC,Comit√© des F√™tes de Salaunes,0.9228853583335876
489,LOC,Ludon,0.9963446855545044
490,LOC,Alouette,0.4663430452346802
491,LOC,France,0.9801644682884216
492,PER,Macron,0.9927858710289001
493,PER,Macron,0.9945313930511475
494,LOC,SO_Bordeaux,0.8804872632026672
495,LOC,Gironde,0.9977791905403137
496,PER,Gleyze,0.9940189719200134
497,ORG,SO_,0.4535050392150879
498,LOC,Bordeaux,0.6760730147361755
499,PER,NMeizonnet,0.9986231923103333
500,PER,NathalieLoiseau,0.9988948702812195
501,PER,ChristopheBechu,0.9972545504570007
502,LOC,Alouette,0.6650605797767639
503,ORG,Union Europ√©enne,0.9845108985900879
504,PER,#Poutine,0.9964545369148254
505,LOC,#Uktaine,0.9829866290092468
506,PER,#Macron,0.9947834014892578
507,ORG,fm,0.6472854614257812
508,LOC,europe,0.5225573182106018
509,LOC,Gironde,0.9730226397514343
510,ORG,SO_Bordeaux,0.9254484176635742
511,MISC,Incendies,0.5402180552482605
512,LOC,Gironde,0.8329517841339111
513,ORG,SO_Bordeaux,0.8019663691520691
514,ORG,so,0.7742668986320496
515,ORG,bordeaux,0.5692914128303528
516,ORG,BFMTV,0.994890034198761
517,PER,Gilles Le Gendre,0.9986603856086731
518,ORG,bfmtv,0.9795790314674377
519,PER,g,0.7073928117752075
520,PER,le,0.8964614272117615
521,PER,gendre,0.7786045074462891
522,ORG,BFMTV,0.9939797520637512
523,ORG,bfmtv,0.9678317308425903
524,ORG,PS,0.9949694275856018
525,ORG,LFI,0.9944206476211548
526,ORG,monde,0.5176932215690613
527,ORG,lfi,0.9858940839767456
528,ORG,ps,0.9897885918617249
529,ORG,SO_,0.6061514616012573
530,LOC,Bordeaux,0.6331074237823486
531,ORG,Politique,0.3439277708530426
532,LOC,M√©doc,0.8991389274597168
533,PER,Lionel Montillaud,0.9990243315696716
534,ORG,RN,0.9915584325790405
535,PER,Gr√©goire de Fournas,0.9986042380332947
536,PER,lionel-montillaud,0.9899173378944397
537,PER,gregoire,0.9921730160713196
538,PER,de-fournas,0.9747687578201294
539,ORG,so,0.7064036726951599
540,ORG,bord,0.5753962993621826
541,ORG,RN,0.9830779433250427
542,LOC,Assembl√©e Nationale,0.7654819488525391
543,ORG,LFI,0.6189102530479431
544,ORG,Kebab,0.84358811378479
545,PER,BarthesChristop,0.9982239007949829
546,ORG,AGRAN,0.6768850684165955
547,LOC,l,0.5963833928108215
548,LOC,Assembl√©e nationale,0.5896624326705933
549,PER,BarthesChristop,0.9982463717460632
550,PER,bartheschristop,0.9913914799690247
551,PER,BarthesChristop,0.9737391471862793
552,PER,Christophe,0.7668849229812622
553,PER,Benjam1Lucas,0.9608564376831055
554,PER,Benjam1Lucas,0.9820654988288879
555,PER,benjam1lucas,0.9544095993041992
556,ORG,BFMTV,0.9918534159660339
557,ORG,BFMTV,0.9918484687805176
558,MISC,Foot,0.5541033148765564
559,ORG,Assembl√©e,0.9068433046340942
560,PER,Aurore Berg√©,0.9988332390785217
561,ORG,Renaissance,0.9903979301452637
562,ORG,RN,0.9931341409683228
563,ORG,fmtv,0.9335713386535645
564,PER,aurore,0.8005277514457703
565,PER,berg,0.7979366779327393
566,ORG,e,0.4536186754703522
567,ORG,-renaissance,0.9475290775299072
568,ORG,rn,0.7952234148979187
569,ORG,BFMTV,0.9907138347625732
570,ORG,bfmtv,0.9561825394630432
571,PER,. le Ministre de l,0.6934098601341248
572,PER,Agriculture @MFesneau,0.8413195610046387
573,ORG,Union Europ√©enne,0.9775700569152832
574,PER,Vallaud,0.9977583885192871
575,ORG,LCP,0.9820446372032166
576,ORG,Socialistes,0.919407844543457
577,ORG,Assembl√©e nationale,0.8832636475563049
578,PER,@BorisVallaud,0.8890619277954102
579,ORG,RNational_off,0.7614054679870605
580,ORG,LCP,0.9508893489837646
581,LOC,Lesparre,0.9983938336372375
582,ORG,Bleu_G,0.5557529926300049
583,LOC,iron,0.4099673628807068
584,ORG,de,0.4761608839035034
585,LOC,Gironde,0.9897531270980835
586,LOC,Lesparre-M√©doc,0.9986287951469421
587,ORG,francebleu,0.867526650428772
588,LOC,gironde,0.7425144910812378
589,ORG,Bleu_Gironde,0.6780126690864563
590,LOC,#Nantes,0.9142249226570129
591,LOC,Soudanais,0.9593018293380737
592,PER,GDarmanin,0.9507861733436584
593,ORG,lefigaro.,0.8563250303268433
594,LOC,nantes,0.9772356748580933
595,PER,Pr√©fet,0.44917353987693787
596,PER,#Macron,0.9864485859870911
597,MISC,Fran√ßais,0.5051576495170593
598,LOC,#RN,0.7753279209136963
599,ORG,bfmtv,0.8977845311164856
600,PER,laurent,0.9968180656433105
601,PER,nunez,0.9970863461494446
602,PER,#Meloni,0.9902034997940063
603,MISC,#ElezioniPolitiche2022,0.9644773602485657
604,LOC,Europe,0.7236689329147339
605,ORG,Forza Italia,0.9944905638694763
606,ORG,RN,0.9834744334220886
607,LOC,Bretagne,0.9617834687232971
608,LOC,R√™nes,0.9951944351196289
609,PER,@GDarmanin,0.96131432056427
610,MISC,m√©daille du Travail,0.6495373249053955
611,PER,Saint Laurent du M√©doc,0.8365660905838013
612,PER,gdefournas,0.8987611532211304
613,LOC,Lesparre-M√©doc,0.9987871050834656
614,LOC,la France,0.867499828338623
615,ORG,FLN,0.9923607110977173
616,MISC,guerre d,0.9906660914421082
617,MISC,Alg√©rie,0.9943954944610596
618,LOC,M√©doc,0.9987043142318726
619,ORG,Bleu_Gironde,0.6612815856933594
620,LOC,Verdon-sur-Mer,0.998835563659668
621,ORG,Bleu_Gironde,0.7513864040374756
622,LOC,USA,0.9929811954498291
623,LOC,Qatar,0.9952131509780884
624,PER,SachaHoulie,0.981177031993866
625,ORG,D√©l√©gation parlementaire au renseignement,0.9407141208648682
626,LOC,Russie,0.9802044034004211
627,LOC,Chine,0.9901891350746155
628,LOC,Turquie,0.992871105670929
629,LOC,Iran,0.9936832189559937
630,LOC,France,0.9491907358169556
631,ORG,F_Desouche,0.8601487874984741
632,LOC,France,0.9897289276123047
633,LOC,l,0.6762681603431702
634,LOC,Alg√©rie,0.9770632982254028
635,LOC,france,0.9809126257896423
636,LOC,lalgerie,0.9829515814781189
637,ORG,F_Desouche,0.9331318140029907
638,ORG,f,0.541405200958252
639,ORG,des,0.5491445064544678
640,PER,LarryCoblant,0.9980202913284302
641,ORG,Pur Salmon,0.9908400177955627
642,LOC,Grand Port Maritime de Bordeaux,0.9903675317764282
643,LOC,Saumon,0.9639015197753906
644,LOC,Verdon,0.9983313083648682
645,LOC,Nord M√©doc,0.9980769753456116
646,LOC,CDC,0.8684782981872559
647,LOC,M√©tropoles,0.9754669070243835
648,ORG,@RNational_off,0.9464015960693359
649,LOC,SO_Bordeaux,0.9196912050247192
650,ORG,Renouveau Bordeaux,0.9767482280731201
651,ORG,/SO_Bordeaux,0.9008156657218933
652,ORG,so_bordeaux,0.901298999786377
653,PER,RolandLescure,0.9990487098693848
654,LOC,Bruxelles,0.9401899576187134
655,ORG,ouest-france.fr,0.9512618780136108
656,ORG,LCP,0.9929964542388916
657,ORG,RN,0.9931206107139587
658,PER,Elisabeth_Borne,0.9989306926727295
659,ORG,MLP,0.8590390682220459
660,ORG,LCP,0.9874247312545776
661,ORG,Canadair,0.8285788297653198
662,ORG,ministre de l,0.968189537525177
663,ORG,Int√©rieur,0.9626739621162415
664,LOC,SO_Bordeaux,0.9006696939468384
665,MISC,Incendies,0.6353771090507507
666,LOC,Gironde,0.9355185627937317
667,PER,Gr√©goire de Fournas,0.9989948868751526
668,PER,G√©rald Darmanin,0.9990900158882141
669,ORG,Canadair,0.5055515766143799
670,LOC,gironde,0.5356835126876831
671,PER,gregoire-de-fournas,0.9977967143058777
672,PER,gerald,0.998586893081665
673,PER,darmanin,0.9989168047904968
674,ORG,SO_B,0.6542253494262695
675,LOC,ordeaux,0.49748265743255615
676,ORG,so,0.4821193814277649
677,PER,FLBP33 @YLespx,0.6289176344871521
678,ORG,SNCF,0.5972210168838501
679,PER,Lesparre,0.9824159741401672
680,LOC,Fran√ßais,0.6830636858940125
681,ORG,bfmtv.,0.8321080207824707
682,PER,@J_Bardella,0.9210503697395325
683,ORG,Rassemblement National,0.9839509725570679
684,PER,@JPFarandou,0.9601163268089294
685,PER,K_Pfeffer,0.9939559698104858
686,PER,Marine Le Pen,0.9970796704292297
687,ORG,@SNCF,0.9488191604614258
688,PER,@DB_Bahn,0.8244711756706238
689,PER,K,0.6733345985412598
690,PER,P,0.6398895382881165
691,MISC,Rubans du Patrimoine,0.966741681098938
692,LOC,Castelnau,0.9984415173530579
693,LOC,France,0.9700194597244263
694,ORG,Canadair,0.5358254909515381
695,LOC,Corses,0.997012734413147
696,LOC,Gironde,0.9980570673942566
697,ORG,Canadair,0.5526756644248962
698,LOC,Ar√®s,0.6808006167411804
699,LOC,SO_Bordeaux,0.9356304407119751
700,LOC,Ar√®s,0.984764814376831
701,LOC,Porge,0.9957488179206848
702,LOC,D106,0.8785178661346436
703,LOC,Blagon,0.9979010820388794
704,ORG,Rassemblement National,0.992116391658783
705,LOC,Agde,0.9918038845062256
706,MISC,Fran√ßais,0.6688623428344727
707,ORG,RNAgde,0.6871825456619263
708,LOC,M√©doc,0.9967958331108093
709,MISC,Canadair,0.4841579794883728
710,MISC,Canadair et Dash,0.9282543063163757
711,LOC,M√©rignac,0.9974806904792786
712,LOC,Saumos,0.9618399739265442
713,MISC,Canadair,0.7591539025306702
714,LOC,Gironde,0.9963665008544922
715,LOC,Bordelais,0.9936368465423584
716,PER,Hurmic,0.9975615739822388
717,ORG,Bleu_Gironde,0.7510404586791992
718,PER,Pierre Hurmic,0.9982719421386719
719,LOC,Bordeaux,0.9929554462432861
720,ORG,Bleu_Gironde,0.9685493111610413
721,LOC,Porge,0.9977477788925171
722,LOC,Castelnau,0.9978658556938171
723,ORG,Saumos,0.964667022228241
724,LOC,Sainte H√©l√®ne,0.8400070667266846
725,ORG,Saumos,0.834398090839386
726,LOC,Saumos,0.9978267550468445
727,LOC,Vendays,0.9981091022491455
728,ORG,LCP,0.5794925689697266
729,PER,@AgnesRunacher,0.9875237345695496
730,MISC,DirectAN,0.6001437902450562
731,ORG,LCP,0.6145774126052856
732,PER,YaelMenache,0.9990601539611816
733,MISC,Fran√ßais,0.52309250831604
734,PER,YaelMenache,0.9982964396476746
735,PER,@E_DupondM,0.9739818572998047
736,PER,MarleneSchiappa,0.9990559816360474
737,PER,YaelMenache,0.9984642863273621
738,PER,yaelmenache,0.9928593635559082
739,PER,@Bleu_Gironde,0.6461988091468811
740,LOC,√âtat,0.875080943107605
741,LOC,Gironde,0.9969301819801331
742,MISC,Canadair,0.9454715251922607
743,LOC,Bleu_Gironde,0.8116915822029114
744,LOC,#Saumos,0.8791383504867554
745,LOC,M√©doc,0.9983068108558655
746,LOC,Saumos,0.9982424378395081
747,LOC,Saumos,0.9980897307395935
748,ORG,RN33,0.6852886080741882
749,ORG,gdefournas,0.557452380657196
750,ORG,gdefournas,0.823428213596344
751,LOC,Fran√ßais,0.718241274356842
752,LOC,CBeaune,0.9952744841575623
753,PER,@BrunoLeMaire,0.947299599647522
754,PER,AgnesRunacher,0.998698890209198
755,LOC,CBeaune,0.9955242276191711
756,LOC,cbeaune,0.8579163551330566
757,ORG,APLLO,0.987041175365448
758,ORG,"Amis, Propri√©taires et Locataires de Lacanau Oc√©an",0.9341744780540466
759,LOC,Etat,0.7931206822395325
760,LOC,Lacanau,0.9977505803108215
761,PER,sandrousseau,0.9874032735824585
762,MISC,#Chasse,0.9041843414306641
763,ORG,france,0.5783974528312683
764,PER,sandrousseau,0.9679490327835083
765,ORG,gdefournas,0.7367178201675415
766,MISC,D√©liremax,0.9817141890525818
767,LOC,SO_Bordeaux,0.8353663682937622
768,LOC,Bordeaux,0.9982693195343018
769,MISC,Climax,0.9698817729949951
770,LOC,Garonne,0.9980571866035461
771,LOC,SO_Bordeaux,0.8239237070083618
772,MISC,@webtvmedoc,0.9797694087028503
773,PER,gdefournas,0.6396051645278931
774,ORG,Renaissance,0.9680894017219543
775,ORG,renaissance,0.8857194185256958
776,LOC,Pauillac,0.9978545904159546
777,PER,Jean Jaur√®s,0.9695667028427124
778,LOC,Pauillac,0.9978948831558228
779,PER,Pr√©sident,0.4607490301132202
780,ORG,Uni-M√©doc,0.8152433037757874
781,LOC,Vendays,0.9934888482093811
782,PER,PapNdiaye,0.9755877256393433
783,ORG,ministre de l,0.9447852969169617
784,ORG,√âducation nationale et de la Jeunesse,0.9442257285118103
785,PER,@d_sopo,0.8328365087509155
786,PER,PapNdiaye,0.8046762347221375
787,PER,papndiaye,0.8103488087654114
788,PER,@chagniat,0.9971558451652527
789,PER,@Michel_DufayRN,0.9958504438400269
790,LOC,Saint Laurent du M√©doc,0.9962180256843567
791,PER,AnnieGenevard,0.9981319308280945
792,PER,Pierre Mend√®s France,0.9989149570465088
793,ORG,#CampusJLR,0.7298378944396973
794,PER,AnnieGenevard,0.997796893119812
795,PER,anniegenevard,0.8000218272209167
796,LOC,Bordeaux,0.9968180656433105
797,PER,F_Desouche,0.7801089286804199
798,PER,Tareq Oubrou,0.998376727104187
799,LOC,Bordeaux,0.991377592086792
800,PER,DamienRieu,0.9955154657363892
801,PER,Erwan,0.5778719186782837
802,LOC,Pauillacais,0.9974238276481628
803,MISC,Un r√™ve de libert√©,0.6187867522239685
804,LOC,Pauillac,0.9980538487434387
805,PER,defournas,0.6421648263931274
806,ORG,ministre de l,0.9325904846191406
807,ORG,Education Nationale,0.9386337995529175
808,LOC,Fran√ßais,0.8314167261123657
809,ORG,ministre de l‚Äô√âducation,0.8126436471939087
810,PER,Pap Ndiaye,0.9984921216964722
811,MISC,R,0.5504434704780579
812,LOC,M√©doc,0.9940056800842285
813,PER,Cazenave,0.9978342652320862
814,MISC,Fran√ßais,0.6608000993728638
815,PER,T_Cazenave,0.9737432599067688
816,ORG,#RN,0.9676563143730164
817,ORG,#MLP,0.705261766910553
818,LOC,#Russie,0.9337467551231384
819,ORG,Europe,0.7688249349594116
820,LOC,√âtats,0.7953015565872192
821,PER,T_Cazenave,0.9849128723144531
822,ORG,SO_,0.6595181822776794
823,LOC,Bordeaux,0.7825549244880676
824,PER,Yves Raibaud,0.9987025856971741
825,PER,yves,0.9025161862373352
826,PER,raibaud,0.8244156837463379
827,ORG,So,0.8070849776268005
828,ORG,SOB,0.6814456582069397
829,LOC,ord,0.5419641733169556
830,ORG,eaux,0.4653513729572296
831,ORG,SO_Bordeaux,0.7463833093643188
832,ORG,so,0.6161758303642273
833,PER,@J_Bardella,0.9772664904594421
834,MISC,#OnContinue,0.8942611813545227
835,PER,@GDarmanin,0.8607186079025269
836,ORG,BFMTV,0.9934330582618713
837,PER,Hassan Iquioussen,0.9990652203559875
838,LOC,Nord,0.9978366494178772
839,ORG,bfmtv,0.9680113792419434
840,PER,assan-iquiouss,0.8499871492385864
841,ORG,BFMTV,0.9933037161827087
842,ORG,bfmtv,0.9806137084960938
843,LOC,Lamarque,0.994766354560852
844,PER,M√©lenchon,0.9965447783470154
845,PER,JLMelenchon,0.9969269633293152
846,LOC,Paris,0.9884589314460754
847,PER,jlmelenchon,0.8552864193916321
848,ORG,Droite,0.9930859804153442
849,PER,MarionMourgue,0.9907997250556946
850,ORG,Haute Autorit√© des Republicains,0.9935597777366638
851,PER,Virginie Calmels,0.9977556467056274
852,ORG,LR,0.9930930137634277
853,PER,Nadine Ducourtioux,0.9982503056526184
854,LOC,Arsac,0.9901729822158813
855,PER,gdefournas,0.8533732891082764
856,MISC,d√©barquement de Provence,0.9717939496040344
857,LOC,Alg√©rien,0.9420294165611267
858,LOC,Marocain,0.9448297023773193
859,LOC,Tunisien,0.9593044519424438
860,LOC,S√©n√©galais,0.9601669311523438
861,PER,MathildePanot,0.9900009632110596
862,MISC,D√©barquement de la Provence,0.9896899461746216
863,MISC,Lib√©ration,0.8076663017272949
864,PER,hildepanot,0.6601017713546753
865,PER,Breton,0.9963177442550659
866,ORG,BFMTV,0.9779035449028015
867,PER,Thierry Breton,0.9974151253700256
868,ORG,BFMTV,0.9622328281402588
869,ORG,#SNSM,0.8846900463104248
870,LOC,Verdon-Sur-Mer,0.9987937808036804
871,LOC,Montalivet,0.9984952807426453
872,MISC,Assomption,0.7409408092498779
873,ORG,#SNSM,0.8353521823883057
874,LOC,Lesparre,0.9975164532661438
875,LOC,l,0.49532124400138855
876,ORG,Europe,0.5636633038520813
877,ORG,Europe,0.5766637921333313
878,ORG,Europe,0.569901168346405
879,PER,EmmanuelMacron,0.9980995059013367
880,LOC,Allemagne,0.9909232258796692
881,LOC,Gr√®ce,0.9958765506744385
882,LOC,Pologne,0.9960184693336487
883,LOC,Roumanie,0.99735426902771
884,LOC,Autriche,0.9963087439537048
885,LOC,la France,0.8858612775802612
886,PER,uel,0.6370202898979187
887,LOC,Gironde,0.9978570938110352
888,PER,Elisabeth_Borne,0.9987261295318604
889,MISC,Incendies,0.9154171347618103
890,LOC,Gironde,0.9674972891807556
891,LOC,Canadair,0.9523084163665771
892,LOC,Gironde,0.9958732724189758
893,PER,Elisabeth Borne,0.998758852481842
894,PER,G,0.5080592036247253
895,ORG,D,0.5833367705345154
896,PER,arma,0.4662071466445923
897,ORG,nin,0.4698598086833954
898,ORG,GDarmanin,0.5392493605613708
899,PER,gdarmanin,0.7334572076797485
900,PER,Darmanin,0.9989228248596191
901,ORG,CNEWS,0.8685657978057861
902,PER,G√©rald Darmanin,0.998787522315979
903,PER,gerald-darmanin,0.9529649019241333
904,LOC,#Gironde,0.8827196955680847
905,PER,Chris140779,0.8910157084465027
906,LOC,Landiras,0.9957060217857361
907,LOC,d√©partement des Landes,0.8717717528343201
908,LOC,#Var,0.9411332011222839
909,LOC,Boc,0.5006762742996216
910,PER,caletti,0.5626866817474365
911,ORG,Sapeurs_Pompiers,0.7778260111808777
912,LOC,#Var,0.9878312945365906
913,LOC,#FeuxDeForet,0.9922952055931091
914,LOC,#Gironde,0.9853626489639282
915,LOC,#SixFoursLesPlages,0.9964892864227295
916,LOC,#Bandol,0.9875257015228271
917,ORG,@SDIS83,0.8611675500869751
918,LOC,Landiras,0.9504046440124512
919,PER,Boccaletti,0.9794626235961914
920,PER,boccaletti,0.9843316078186035
921,LOC,Ste H√©l√®ne,0.9727498292922974
922,LOC,M√©doc,0.9966436624526978
923,MISC,Canadair,0.8537604808807373
924,MISC,Dash,0.9781648516654968
925,LOC,Bordeaux,0.9977340698242188
926,LOC,Lesparre-M√©doc,0.9986153244972229
927,LOC,M√©doc,0.9862571954727173
928,PER,Darmanin,0.9989741444587708
929,ORG,ministre de l,0.9715876579284668
930,ORG,Interieur,0.963577926158905
931,ORG,BFMTV,0.9814538955688477
932,PER,Darmanin,0.9989451766014099
933,ORG,Rassemblement National,0.9919216632843018
934,ORG,Assembl√©e nationale,0.8080034255981445
935,ORG,BFMTV,0.9714348912239075
936,ORG,BFMTV,0.9895877242088318
937,PER,fournas,0.64136803150177
938,ORG,PapNdiaye,0.8119258880615234
939,ORG,PapNdiaye,0.9527255296707153
940,ORG,papndiaye,0.5761240124702454
941,ORG,BFMTV,0.9932569861412048
942,PER,gdefournas,0.771847128868103
943,ORG,NUPES,0.9889626502990723
944,PER,Sarkozy,0.9947464466094971
945,LOC,l,0.5567297339439392
946,ORG,Assembl√©e nationale,0.649455189704895
947,LOC,Qatar,0.9768036603927612
948,MISC,la Coupe du Monde 2022,0.8901359438896179
949,LOC,stade de France,0.9904956817626953
950,LOC,Qatar,0.9869862198829651
951,PER,LouisBoyard,0.981157660484314
952,ORG,Chronopost,0.9940711855888367
953,LOC,Etat,0.8678244352340698
954,PER,LouisBoyard,0.9924672842025757
955,PER,louisboyard,0.9910883903503418
956,ORG,NUPES,0.968268632888794
957,ORG,NMe,0.5326892733573914
958,MISC,iz,0.4893344044685364
959,ORG,on,0.4602679908275604
960,MISC,net,0.49833372235298157
961,PER,@EmmWargon,0.9196030497550964
962,ORG,CRE,0.9713242650032043
963,ORG,DirectAN,0.44354715943336487
964,ORG,nmeizon,0.6646518707275391
965,MISC,Af,0.45073094964027405
966,MISC,co,0.4975276589393616
967,ORG,RN,0.972181499004364
968,PER,Wargon,0.993342399597168
969,ORG,CRE,0.9627858996391296
970,PER,MLP,0.5126683712005615
971,ORG,F_Desouche,0.4044411778450012
972,LOC,S√©nat,0.5567200183868408
973,MISC,Vitale,0.9960237741470337
974,ORG,F_Desouche,0.9455143213272095
975,ORG,f_desouche,0.8505135774612427
976,ORG,LCP,0.9771738648414612
977,ORG,ministre charg√© de la Sant√©,0.8506994247436523
978,PER,@FrcsBraun,0.9458597898483276
979,ORG,DirectAN,0.4599517583847046
980,ORG,LCP,0.905487060546875
981,ORG,PS,0.993578314781189
982,PER,Benjam1Lucas,0.9187008738517761
983,LOC,Gaillan-en-M√©doc,0.9987825155258179
984,PER,GDarmanin,0.9967093467712402
985,LOC,l,0.6121634244918823
986,LOC,Assembl√©e Nationale,0.6926953792572021
987,MISC,Canadairs,0.8236627578735352
988,LOC,Gignac,0.9726749658584595
989,LOC,Herault,0.9984515905380249
990,MISC,Nature,0.7888023257255554
991,MISC,des Traditions et de la Ruralit√©,0.7931504845619202
992,LOC,Talais,0.9981497526168823
993,ORG,Sauvaginiers,0.9324119091033936
994,LOC,M√©doc,0.6562482118606567
995,PER,CaronAymericoff,0.998853862285614
996,PER,CaronAymericoff,0.9986615777015686
997,MISC,Egalim 2,0.982160210609436
998,MISC,Com.,0.5293392539024353
999,ORG,Aff. √©co,0.781348705291748
1000,PER,DeLyonLucile,0.9495936632156372
1001,LOC,Gouvernement,0.5259479284286499
1002,ORG,Assembl√©e Nationale,0.730388879776001
1003,ORG,LFI,0.9899160265922546
1004,LOC,Fran√ßais,0.8449116945266724
1005,LOC,Fran√ßais,0.7502187490463257
1006,LOC,La France,0.9219978451728821
1007,LOC,Europe,0.6497441530227661
1008,PER,@GDarmanin,0.9717934727668762
1009,ORG,Canadair,0.9030197858810425
1010,LOC,la France,0.9384498596191406
1011,MISC,DirectAN,0.8939388394355774
1012,PER,Laure,0.9834396243095398
1013,PER,@J_Bardella,0.9607415199279785
1014,PER,LaureLavalette,0.9937174320220947
1015,PER,@J_Bardella,0.9798558354377747
1016,ORG,@Valeurs,0.7829249501228333
1017,PER,laurelavalette,0.9940888285636902
1018,LOC,SO_Bordeaux,0.8472726941108704
1019,ORG,Assembl√©e nationale,0.6007660627365112
1020,PER,Cazenave,0.9942134022712708
1021,PER,zenave,0.8913402557373047
1022,LOC,SOBordeaux,0.662033200263977
1023,ORG,SO_Bordeaux,0.6571997404098511
1024,ORG,so_bordeaux,0.8037358522415161
1025,MISC,Fran√ßais,0.4212504029273987
1026,LOC,Etat,0.8949264883995056
1027,LOC,Fran√ßais,0.8055936694145203
1028,MISC,C,0.4628143012523651
1029,PER,Guillaume Kasbarian,0.9988479614257812
1030,LOC,Fran√ßais,0.620680570602417
1031,MISC,LaMatinaleWE,0.7223028540611267
1032,PER,Clem_Autain,0.9941991567611694
1033,ORG,Assembl√©e,0.7719473838806152
1034,ORG,Trouve,0.5355774760246277
1035,PER,Aurelie,0.4512108862400055
1036,PER,n,0.5149256587028503
1037,PER,m,0.5632838010787964
1038,PER,autain,0.8267456293106079
1039,PER,Emmanuel Macron,0.9978886842727661
1040,LOC,MauvieuxKevin,0.9945767521858215
1041,ORG,@AssembleeNat,0.9026158452033997
1042,ORG,DirectAN,0.4938321113586426
1043,LOC,MauvieuxKevin,0.8540576100349426
1044,ORG,#NUPES,0.9266451001167297
1045,ORG,DirectAN,0.4903845191001892
1046,MISC,DirectAN,0.7706272602081299
1047,ORG,DirectAN,0.9191603660583496
1048,ORG,LCP,0.5038658380508423
1049,PER,sandrousseau,0.9606446027755737
1050,ORG,PJLP,0.7884552478790283
1051,ORG,DirectAN,0.5945683717727661
1052,ORG,LCP,0.6703094840049744
1053,ORG,NUPES,0.9909558892250061
1054,LOC,Fran√ßais,0.7654088735580444
1055,MISC,DirectAN,0.5398244261741638
1056,PER,sandrousseau,0.8405599594116211
1057,MISC,#DirectAN,0.7431181073188782
1058,PER,Le Pen,0.9966731071472168
1059,ORG,RN,0.9926993250846863
1060,PER,androusse,0.6111283302307129
1061,PER,al_rousset,0.9978663921356201
1062,PER,defournas,0.6238622069358826
1063,ORG,LR,0.9856201410293579
1064,ORG,Assembl√©e Nationale,0.8825201988220215
1065,LOC,S√©nat,0.8893327713012695
1066,ORG,NMe,0.48120173811912537
1067,MISC,iz,0.5073147416114807
1068,ORG,onnet,0.4921761155128479
1069,ORG,LR,0.9916825294494629
1070,PER,Philippe Bas,0.9983469247817993
1071,MISC,PasseSanitaire,0.9695881009101868
1072,ORG,NMeizonnet,0.7430435419082642
1073,LOC,Europe,0.6355752944946289
1074,MISC,GDarmanin,0.7122130990028381
1075,LOC,EUROPE,0.6275488138198853
1076,ORG,Canadairs,0.8913869261741638
1077,ORG,@FrcsBraun,0.9012374877929688
1078,MISC,ir,0.3978414237499237
1079,ORG,GDarmanin,0.5918470025062561
1080,LOC,La France,0.958381712436676
1081,LOC,Europe,0.7314319014549255
1082,ORG,GDarmanin,0.8415519595146179
1083,ORG,gdarmanin,0.703839898109436
1084,LOC,M√©doc,0.9902560710906982
1085,LOC,Gironde,0.982178270816803
1086,MISC,SO_B,0.5825552940368652
1087,LOC,ordeaux,0.5278083086013794
1088,MISC,: Incendie dans,0.8068070411682129
1089,LOC,M√©doc,0.9002393484115601
1090,LOC,Vensac,0.9930801391601562
1091,LOC,vensac,0.9423233270645142
1092,LOC,SOBordeaux,0.7398051023483276
1093,LOC,SO_Bordeaux,0.6170262098312378
1094,LOC,Vensac,0.9983015060424805
1095,LOC,Landiras,0.9982025027275085
1096,LOC,La Teste,0.9983513951301575
1097,LOC,M√©doc,0.9980130195617676
1098,LOC,Landiras,0.9984678626060486
1099,LOC,La Teste,0.9985604286193848
1100,PER,Michel √âdouard Leclerc,0.9987099170684814
1101,LOC,GDarmanin,0.9800284504890442
1102,LOC,Landiras,0.9964616894721985
1103,LOC,GDarmanin,0.7474261522293091
1104,LOC,gdarmanin,0.4997316598892212
1105,LOC,Gironde,0.9459642171859741
1106,MISC,SO_Bordeaux: Incendies en Gironde,0.8734512329101562
1107,ORG,SO_Bordeaux,0.7749274969100952
1108,LOC,La France,0.9439916610717773
1109,MISC,Canadairs,0.8176549077033997
1110,MISC,üî¥üî• Direct. Incendies,0.573625922203064
1111,LOC,Gironde,0.834714412689209
1112,LOC,La Teste,0.9982411861419678
1113,LOC,Pauillac,0.9980767369270325
1114,LOC,Pauillacais,0.9962504506111145
1115,PER,gdefournas,0.9130518436431885
1116,MISC,PrefAquitaine33,0.8731641173362732
1117,MISC,#FeuxDeForets,0.961786687374115
1118,LOC,La Teste,0.9985852241516113
1119,LOC,Cazaux,0.9985190033912659
1120,LOC,Landiras,0.9985734820365906
1121,LOC,Origne,0.9977737665176392
1122,LOC,Balizac,0.9980252981185913
1123,LOC,Louchats,0.9980209469795227
1124,LOC,St Symphorien,0.9937516450881958
1125,LOC,Villandraut,0.9977869987487793
1126,MISC,PrefAquitaine,0.6770970225334167
1127,LOC,tain,0.350740909576416
1128,LOC,Lesparre,0.9982189536094666
1129,ORG,Croix Rouge,0.9949779510498047
1130,ORG,S√©curit√© Civile,0.9947726130485535
1131,LOC,Salaunes,0.9979272484779358
1132,LOC,La Teste,0.9986977577209473
1133,LOC,Landiras,0.998681366443634
1134,ORG,AN,0.7703419923782349
1135,LOC,Fran√ßais,0.49309828877449036
1136,ORG,RN,0.9937236905097961
1137,PER,Steven_RN25,0.67244553565979
1138,ORG,#RN,0.992088258266449
1139,ORG,#LFI,0.966102659702301
1140,ORG,#MODEM,0.8682089447975159
1141,ORG,Horizon,0.9909388422966003
1142,ORG,#Renaissance,0.9696065783500671
1143,ORG,EELV,0.9932053685188293
1144,ORG,#LIOT,0.8921489715576172
1145,ORG,#PCF,0.9505095481872559
1146,ORG,#LR,0.9536205530166626
1147,ORG,#PS,0.8799575567245483
1148,ORG,#DirectAN,0.9278275370597839
1149,MISC,LaHonte,0.6588886380195618
1150,PER,Steven,0.8338074684143066
1151,PER,RN,0.6010510921478271
1152,PER,steven,0.6322214007377625
1153,LOC,Fran√ßais,0.5387547612190247
1154,PER,BrunoMillienne,0.9958488345146179
1155,ORG,@FranceInsoumise,0.9911447763442993
1156,ORG,@RNational_off,0.9786787033081055
1157,ORG,LCP,0.9654130935668945
1158,MISC,#DirectAN,0.8199135661125183
1159,PER,PierreLeCamus,0.9881483912467957
1160,LOC,France,0.9435411095619202
1161,PER,PierreLeCamus,0.9939046502113342
1162,PER,pierrelecamus,0.9935875535011292
1163,LOC,Lesparre-M√©doc,0.9988699555397034
1164,PER,PierreLeCamus,0.9984474778175354
1165,ORG,SO_Bord,0.6897932291030884
1166,LOC,eaux,0.556467592716217
1167,LOC,Bordeaux,0.9295318126678467
1168,ORG,Jeunes avec Marine,0.9536067843437195
1169,ORG,Social,0.7705307006835938
1170,ORG,SOB,0.7387831211090088
1171,LOC,ordeaux,0.5161077976226807
1172,ORG,SO_Bordeaux,0.7356750965118408
1173,ORG,so,0.6489270329475403
1174,ORG,Pays M√©doc Rugby,0.9201900362968445
1175,ORG,Pays M√©doc Rugby,0.9610300064086914
1176,LOC,M√©doc,0.9896818399429321
1177,ORG,BFMTV,0.9892550110816956
1178,ORG,AN_AfEco,0.9421989321708679
1179,ORG,BFMTV,0.9928901195526123
1180,MISC,Egalim 2,0.9790446758270264
1181,ORG,DirectAN,0.9427106380462646
1182,PER,Mitterand,0.9988977909088135
1183,PER,BorisVallaud,0.9952664375305176
1184,ORG,LCP,0.988453209400177
1185,PER,BorisVallaud,0.9988446235656738
1186,ORG,RN,0.9888936877250671
1187,PER,Zola,0.992893636226654
1188,ORG,DirectAN,0.8634331226348877
1189,ORG,LCP,0.9319748878479004
1190,LOC,Bordeaux,0.9920464754104614
1191,PER,Allah Akhbar,0.7584280967712402
1192,ORG,BFMTV,0.9937005043029785
1193,PER,@NicolasDOZE,0.9174143075942993
1194,ORG,BFMTV,0.9891414046287537
1195,ORG,fm,0.8863140344619751
1196,PER,Doudou,0.7564188241958618
1197,MISC,Re,0.49252980947494507
1198,LOC,Vendays-Montalivet,0.9989142417907715
1199,LOC,Saint Laurent du M√©doc,0.9957937002182007
1200,LOC,Blaignan-Prignac,0.9988270998001099
1201,LOC,Pauillac,0.9986535906791687
1202,LOC,Lesparre,0.6510681509971619
1203,ORG,LR,0.9942007064819336
1204,ORG,LCP,0.9916184544563293
1205,ORG,@LCP,0.9711928367614746
1206,PER,√âric Coquerel,0.9987074732780457
1207,PER,ericcoquerel,0.855085015296936
1208,ORG,Finances,0.745037853717804
1209,PER,Macron,0.9953149557113647
1210,ORG,BFMTV,0.9901277422904968
1211,PER,Adrien Quatennens,0.9988752603530884
1212,PER,AQuatennens,0.9938738942146301
1213,ORG,RN,0.9898079037666321
1214,ORG,BFMTV,0.977323591709137
1215,ORG,fm,0.8138397932052612
1216,ORG,LREM,0.994911789894104
1217,ORG,BFMTV,0.9791388511657715
1218,PER,BarthesChristop,0.9985610842704773
1219,PER,BarthesChristop,0.9985651969909668
1220,ORG,Rassemblement National,0.992758572101593
1221,LOC,l,0.5614702701568604
1222,ORG,Assembl√©e,0.579684317111969
1223,PER,BarthesChristop,0.9970957636833191
1224,PER,@Jose_GonzalezFN,0.9984652400016785
1225,MISC,Alg√©rie,0.49832749366760254
1226,PER,Sandrine Rousseau,0.9985113143920898
1227,ORG,FLN,0.994038462638855
1228,LOC,la France,0.9221775531768799
1229,ORG,BFMTV,0.9101738929748535
1230,PER,sandrousseau,0.9045475721359253
1231,ORG,#RN,0.916936457157135
1232,PER,sandrousseau,0.8548550605773926
1233,PER,gdefournas,0.6355113387107849
1234,PER,Jose_GonzalezFN,0.9963767528533936
1235,ORG,Assembl√©e nationale,0.8563775420188904
1236,ORG,BFMTV,0.993076503276825
1237,PER,Darmanin,0.9983957409858704
1238,LOC,Stade de France,0.9920353293418884
1239,LOC,Stade de France,0.9971411228179932
1240,ORG,mc,0.605437159538269
1241,ORG,fm,0.6383808851242065
1242,LOC,stade,0.5637211203575134
1243,LOC,de,0.7047263979911804
1244,LOC,france,0.6286964416503906
1245,ORG,BFMTV,0.9927677512168884
1246,ORG,bfmtv,0.9764255881309509
1247,ORG,MSA,0.9860402345657349
1248,LOC,Gironde,0.9650517106056213
1249,MISC,@BordeauxFeteVin,0.7063002586364746
1250,LOC,M√©doc,0.9953904151916504
1251,PER,@diaz_edwige,0.9884722828865051
1252,PER,gdefournas,0.9366669654846191
1253,PER,Benjam1Lucas,0.9880541563034058
1254,ORG,Commission des finances de l,0.8108628392219543
1255,ORG,Assembl√©e nationale,0.9167174696922302
1256,PER,Benjam1Lucas,0.9827567934989929
1257,PER,benjam1lu,0.6361244916915894
1258,ORG,LR,0.9943144917488098
1259,ORG,LREM,0.992793619632721
1260,ORG,LR,0.9943333864212036
1261,PER,Emmanuel Macron,0.998659074306488
1262,LOC,Fran√ßais,0.5412236452102661
1263,PER,gdefournas,0.5677117109298706
1264,ORG,LREM,0.9948554039001465
1265,PER,Macron,0.9846580624580383
1266,ORG,gdefournas,0.8242974877357483
1267,PER,TugdualDenis,0.7412214279174805
1268,ORG,RN,0.9895874261856079
1269,PER,TugdualDenis,0.8218885660171509
1270,PER,gdualdenis,0.747110903263092
1271,PER,Sous-Pr√©fet,0.8823186159133911
1272,LOC,Saint Yzans-du-M√©doc,0.9987137317657471
1273,LOC,M√©doc,0.997202455997467
1274,LOC,Etat,0.8267428278923035
1275,MISC,Nicolas,0.7130934596061707
1276,MISC,NMeizonnet,0.9865784645080566
1277,ORG,gdefournas,0.8490888476371765
1278,ORG,SO,0.49784886837005615
1279,MISC,_,0.3356532156467438
1280,LOC,Bordeaux,0.8672309517860413
1281,LOC,Bordeaux,0.989047110080719
1282,LOC,Guant√°namo,0.9848812818527222
1283,LOC,guantanamo,0.9913501739501953
1284,ORG,So,0.331915020942688
1285,LOC,SOBordeaux,0.5934175848960876
1286,ORG,SO_,0.5222082138061523
1287,LOC,Bordeaux,0.7697696089744568
1288,ORG,so,0.49482542276382446
1289,LOC,bordeaux,0.43939077854156494
1290,LOC,PrefAquitaine33,0.6855461001396179
1291,PER,GDarmanin,0.9979100823402405
1292,LOC,M√©doc,0.9974547028541565
1293,PER,bchenu,0.6242284178733826
1294,PER,Nupes,0.9654629826545715
1295,ORG,Valeurs actuelles,0.9872050881385803
1296,PER,nupes,0.9644227027893066
1297,PER,sebchenu,0.9075226187705994
1298,PER,Nupes,0.9762077331542969
1299,ORG,Valeurs actuelles,0.9812173247337341
1300,PER,nupes,0.8489370346069336
1301,ORG,NUPES,0.9881289601325989
1302,ORG,TV7,0.911442756652832
1303,LOC,M√©doc,0.9957245588302612
1304,LOC,Assembl√©e,0.4968284070491791
1305,ORG,nationale,0.5240641236305237
1306,PER,gdefournas,0.7124381065368652
1307,PER,Louis,0.990551233291626
1308,MISC,V,0.643589198589325
1309,MISC,RN,0.511005699634552
1310,PER,louis_aliot,0.7709192633628845
1311,LOC,M√©doc,0.9972972869873047
1312,PER,@gdefournas,0.9865401387214661
1313,ORG,@MLP,0.8608281016349792
1314,ORG,RNational,0.6200330853462219
1315,PER,louis_aliot,0.9698492884635925
1316,PER,louis_aliot,0.9982200860977173
1317,PER,Philippe Poutou,0.9990003705024719
1318,LOC,M√©doc,0.9979975819587708
1319,MISC,JeVote,0.5201732516288757
1320,ORG,R,0.5588027834892273
1321,MISC,N,0.5177029967308044
1322,ORG,#JeVoteRN,0.9363312125205994
1323,ORG,nas,0.3817248046398163
1324,ORG,NUPES,0.8979003429412842
1325,ORG,Assembl√©e Nationale,0.7387878894805908
1326,LOC,SO_Bordeaux,0.822900116443634
1327,MISC,√âlections,0.7687800526618958
1328,LOC,M√©doc,0.9939359426498413
1329,ORG,7,0.3855113983154297
1330,ORG,So,0.6698901057243347
1331,ORG,S,0.44938400387763977
1332,LOC,OBordeaux,0.6485852003097534
1333,ORG,SO_Bordeaux,0.8618335723876953
1334,ORG,so_bordeaux,0.7469280362129211
1335,MISC,LaCleDesOndes,0.960022509098053
1336,PER,Olivier Maneiro,0.9987279772758484
1337,ORG,#Nupes,0.9334084987640381
1338,ORG,@UnionPopMedoc,0.9724528789520264
1339,MISC,Plat de R√©sistance,0.9200860857963562
1340,PER,@CatherineCesta,0.9945160150527954
1341,LOC,Bdx Nord,0.9553749561309814
1342,LOC,Bouscat,0.9984855055809021
1343,LOC,Gironde,0.9967553019523621
1344,ORG,BdxUnionPop,0.9606602787971497
1345,ORG,NUPES,0.9896065592765808
1346,LOC,M√©doc,0.9976237416267395
1347,LOC,l,0.4749511480331421
1348,ORG,Assembl√©e nationale,0.5810236930847168
1349,PER,MichaelaWiegel,0.9982051849365234
1350,LOC,Weinbaugebi,0.5787025690078735
1351,LOC,M√©doc,0.7260047197341919
1352,PER,Winzer,0.9061806201934814
1353,LOC,Pauillac,0.9907050132751465
1354,LOC,Wahlkreis,0.7431343793869019
1355,LOC,Aussicht,0.6228442192077637
1356,ORG,Nationalversammlung,0.989153265953064
1357,MISC,#M√©doc,0.7904883027076721
1358,PER,michaelawiegel,0.9984831213951111
1359,ORG,gdefournas,0.9200665354728699
1360,PER,Edwige,0.960660994052887
1361,LOC,Assembl√©e Nationale,0.6851875185966492
1362,LOC,M√©doc,0.9953253269195557
1363,LOC,M√©docains,0.9946143627166748
1364,ORG,circo,0.5161454677581787
1365,ORG,JeVoteRN,0.7905820608139038
1366,LOC,Pauillac,0.9922917485237122
1367,LOC,Marine,0.8188339471817017
1368,ORG,JeVoteRN,0.9736958742141724
1369,PER,Circo,0.3326451778411865
1370,PER,@J_Bardella,0.9680773615837097
1371,LOC,M√©doc,0.9917021989822388
1372,ORG,BFMTV,0.9927871823310852
1373,LOC,Stade de France,0.9980061054229736
1374,ORG,m,0.6379052400588989
1375,ORG,BFMTV,0.9921422600746155
1376,ORG,bfmtv,0.9802337288856506
1377,PER,Benoit Simian,0.9983501434326172
1378,ORG,SO_,0.6570172309875488
1379,LOC,Bordeaux,0.7994658350944519
1380,LOC,Gironde,0.9864550828933716
1381,PER,Beno√Æt Simian,0.9988284707069397
1382,PER,ben,0.8396251201629639
1383,PER,simian,0.633790910243988
1384,ORG,So,0.45086178183555603
1385,LOC,ordeaux,0.508232593536377
1386,ORG,SO_,0.7040057182312012
1387,LOC,Bordeaux,0.6255178451538086
1388,ORG,Mediavenir,0.7741971015930176
1389,MISC,Allocation Adulte Handicap√©e,0.9572571516036987
1390,PER,Premi√®re ministre √âlisabeth Borne,0.8964695334434509
1391,ORG,France Bleu,0.7534997463226318
1392,LOC,M√©doc,0.9827971458435059
1393,ORG,JevoteRN,0.9787969589233398
1394,PER,gdefournas,0.7407536506652832
1395,LOC,Britanniques,0.9973003268241882
1396,ORG,BFMTV,0.9922135472297668
1397,PER,G√©rald Darmanin,0.9986802339553833
1398,ORG,BFMTV,0.9859545230865479
1399,ORG,fmtv,0.7557156682014465
1400,ORG,#JeVoteRN,0.9009554982185364
1401,ORG,Circo,0.5459833145141602
1402,ORG,fournas,0.527864933013916
1403,PER,Emmanuel Macron,0.9985166192054749
1404,ORG,BFMTV,0.9927122592926025
1405,PER,Emmanuel Macron,0.9985146522521973
1406,ORG,BFMTV,0.9620658755302429
1407,ORG,fm,0.6137591600418091
1408,LOC,La France,0.9507184028625488
1409,ORG,ministre de l,0.9739523530006409
1410,ORG,√âconomie,0.9758290648460388
1411,PER,Bruno Le Maire,0.9989350438117981
1412,ORG,Le Figaro,0.9653112888336182
1413,PER,Marine Le Pen,0.9979658722877502
1414,LOC,M√©doc,0.9981120824813843
1415,ORG,France 3,0.9403507709503174
1416,PER,S√©gur,0.883453369140625
1417,ORG,BFMTV,0.9902315139770508
1418,PER,Emmanuel Macron,0.9984990954399109
1419,ORG,BFMTV,0.9841701984405518
1420,PER,gdefournas,0.8643015027046204
1421,ORG,Education Nationale,0.9839521646499634
1422,ORG,SO_,0.4949410557746887
1423,LOC,Bordeaux,0.5286945700645447
1424,LOC,Gironde,0.9263866543769836
1425,MISC,Histoire,0.33038076758384705
1426,LOC,Saint-Macaire,0.9648004770278931
1427,LOC,saint-macaire,0.8987222909927368
1428,ORG,Social-SOBordeaux,0.6483603715896606
1429,ORG,chobox,0.6332671642303467
1430,ORG,SO_B,0.5325822234153748
1431,LOC,ordeaux,0.5396914482116699
1432,ORG,Education Nationale,0.9822921752929688
1433,LOC,SO_Bordeaux,0.7381780743598938
1434,LOC,Gironde,0.9785044193267822
1435,LOC,Histoire,0.7017126083374023
1436,LOC,Saint-Macaire,0.9873561859130859
1437,LOC,Social,0.48711496591567993
1438,LOC,SOBordeaux,0.8316286206245422
1439,LOC,SO_Bordeaux,0.778722882270813
1440,ORG,gdefournas,0.8075836896896362
1441,LOC,Aubiers,0.9974179267883301
1442,PER,Hurmic,0.9913723468780518
1443,LOC,Bleu_Gironde,0.7605761289596558
1444,LOC,Aubiers,0.9975587725639343
1445,LOC,Bordeaux,0.9961391091346741
1446,LOC,Bleu_Gironde,0.8182992935180664
1447,LOC,Gironde,0.98580002784729
1448,PER,@J_Bardella,0.9311894774436951
1449,LOC,M√©doc,0.984722912311554
1450,ORG,@FNSEA33,0.9557584524154663
1451,ORG,@JAAquitaine,0.9340393543243408
1452,ORG,SO_,0.7475928068161011
1453,LOC,Bordeaux,0.6773045659065247
1454,MISC,L√©gislatives,0.8963948488235474
1455,LOC,Gironde,0.8024114370346069
1456,LOC,gironde,0.8489505052566528
1457,ORG,So,0.6616138219833374
1458,LOC,SOBordeaux,0.6402108669281006
1459,ORG,SO_,0.6996944546699524
1460,LOC,Bordeaux,0.734428346157074
1461,ORG,so,0.6788955926895142
1462,PER,@miguel130773,0.9204151034355164
1463,ORG,@tv7_sudouest,0.7703548073768616
1464,LOC,Tribunal Administratif,0.7836403250694275
1465,LOC,Pauillac,0.9950478076934814
1466,LOC,M√©doc,0.9971314668655396
1467,ORG,JeVoteRN,0.7284156680107117
1468,ORG,@tv7_sudouest,0.8195977210998535
1469,MISC,JeVoteRN,0.6504644155502319
1470,PER,gdefournas,0.9020390510559082
1471,ORG,PrefAquitaine33,0.8692625761032104
1472,LOC,Bordeaux,0.9909555315971375
1473,LOC,Alg√©riens,0.9060792922973633
1474,LOC,bordeaux,0.8028500080108643
1475,ORG,UnionPopMedoc,0.9943488836288452
1476,MISC,JeVoteRN,0.6083792448043823
1477,PER,TauzierElodie,0.8482353091239929
1478,LOC,m√©doc,0.9597538709640503
1479,PER,AnneMazzoleni,0.9978814125061035
1480,PER,castaingsebast1,0.8835268616676331
1481,ORG,Rassembl√©sPourGagner,0.9056344628334045
1482,ORG,RassemblementNational,0.7648784518241882
1483,PER,fournas,0.5171653032302856
1484,PER,TauzierElodie,0.9674021601676941
1485,PER,tauzierelodie,0.9646492004394531
1486,ORG,UnionPopMedoc,0.987797737121582
1487,ORG,MLP,0.9182605147361755
1488,ORG,RN,0.9903184175491333
1489,PER,@KarfaDIALLO,0.9521654844284058
1490,LOC,Bordelais,0.9855313301086426
1491,PER,Colbert,0.9935873746871948
1492,LOC,la France,0.893071711063385
1493,LOC,Bleu_Gironde,0.9611718058586121
1494,LOC,Bordeaux,0.9859020709991455
1495,PER,Colbert,0.6761698126792908
1496,PER,@KarfaDIALLO,0.9708199501037598
1497,ORG,Partages,0.6812039613723755
1498,ORG,X,0.6589551568031311
1499,LOC,Bleu_Gironde,0.8408986926078796
1500,PER,Damien Abad,0.9985361099243164
1501,ORG,Assembl√©e Nationale,0.9440155029296875
1502,PER,Macron,0.9975141286849976
1503,ORG,Education Nationale,0.970713198184967
1504,ORG,BFMTV,0.9941774010658264
1505,PER,Pap Ndiaye,0.9989772439002991
1506,LOC,√âducation,0.4401918649673462
1507,ORG,bfmtv,0.9215772151947021
1508,PER,pap-ndiaye,0.9597957730293274
1509,ORG,BFMTV,0.9941935539245605
1510,ORG,bfmtv,0.9909856915473938
1511,ORG,Mediavenir,0.9663379192352295
1512,PER,√âlisabeth Borne,0.9991365075111389
1513,PER,elisabeth-borne,0.9798641204833984
1514,ORG,Mediavenir,0.9773755073547363
1515,ORG,RN,0.9924389123916626
1516,ORG,Europe,0.8242717385292053
1517,ORG,RN,0.9915689826011658
1518,ORG,SO_,0.7051112055778503
1519,LOC,Bordeaux,0.658385694026947
1520,MISC,L√©gislatives √†,0.8334452509880066
1521,LOC,Bordeaux,0.7545803785324097
1522,PER,Fabien Robert,0.9978792071342468
1523,LOC,Europe,0.4773262143135071
1524,LOC,R√©publique,0.4864259958267212
1525,PER,fabien-robert,0.9031342267990112
1526,ORG,So,0.5570175051689148
1527,LOC,OBordeaux,0.5899571180343628
1528,ORG,SO_Bordeaux,0.799853503704071
1529,ORG,so,0.7198935151100159
1530,ORG,ARS,0.8995391130447388
1531,LOC,CHU de Bordeaux,0.8945273756980896
1532,ORG,SO_,0.6003661751747131
1533,LOC,Bordeaux,0.6722195744514465
1534,ORG,ARS,0.7524424195289612
1535,LOC,Bergerac,0.9968193769454956
1536,ORG,Covid,0.4937332570552826
1537,LOC,-bergerac,0.911847710609436
1538,ORG,Social,0.6525154113769531
1539,ORG,SOBordeaux,0.6520795226097107
1540,ORG,SO_,0.7148939371109009
1541,LOC,Bordeaux,0.5879462361335754
1542,LOC,Bleu_Gironde,0.858553409576416
1543,ORG,@RNational_off,0.9580098986625671
1544,LOC,Gironde,0.6809954047203064
1545,LOC,M√©doc,0.9957500100135803
1546,ORG,LR,0.9927881360054016
1547,LOC,Gironde,0.9733753204345703
1548,LOC,Bassin d,0.9986768960952759
1549,LOC,Arcachon,0.9986212253570557
1550,ORG,LR,0.994322657585144
1551,LOC,bassin-d-arcachon,0.9282883405685425
1552,LOC,ine,0.4807710647583008
1553,ORG,lr,0.9030774831771851
1554,LOC,Verran,0.9795745611190796
1555,ORG,Mediavenir,0.7947366237640381
1556,LOC,Bordeaux,0.9973176121711731
1557,ORG,Protection civile,0.9463136792182922
1558,ORG,France Info,0.9852187633514404
1559,ORG,circo33,0.8097650408744812
1560,ORG,#RassemblementNational,0.9071569442749023
1561,MISC,Guatanamo,0.9265852570533752
1562,LOC,SO_Bordeaux,0.7833481431007385
1563,PER,Saber Lahmar,0.9984277486801147
1564,LOC,ord,0.6564934849739075
1565,ORG,SO_Bordeaux,0.6183103322982788
1566,ORG,so,0.5547612905502319
1567,ORG,bordeaux,0.5148398876190186
1568,LOC,Lesparre-M√©doc,0.9987931251525879
1569,PER,Marine,0.49453696608543396
1570,ORG,#RassemblementNational,0.9459269642829895
1571,ORG,LREM,0.9947412610054016
1572,PER,F_Desouche,0.6977502703666687
1573,MISC,L√©gislatives,0.9388443231582642
1574,PER,Macron,0.8009540438652039
1575,PER,macron,0.7457504272460938
1576,PER,F,0.4945402443408966
1577,ORG,_,0.5631939768791199
1578,PER,Desouche,0.5278804302215576
1579,ORG,f_desouche,0.7095028758049011
1580,LOC,Bordeaux,0.9297071099281311
1581,ORG,SO_,0.5178736448287964
1582,LOC,Bordeaux,0.4098033607006073
1583,LOC,Bordeaux,0.9565913677215576
1584,LOC,Aubiers,0.992292582988739
1585,LOC,OBordeaux,0.4630141258239746
1586,ORG,SO_Bordeaux,0.7189722657203674
1587,ORG,so,0.5943222641944885
1588,ORG,bordeaux,0.6610307097434998
1589,LOC,M√©doc,0.9544942378997803
1590,ORG,#RassemblementNational,0.8558979630470276
1591,PER,@GaylorDESANGLES @Q_Renaud,0.9895328879356384
1592,ORG,@GFAquitaine,0.8281309604644775
1593,PER,@dupontaignan @f_philippot @GenFrexit @GillesGarcon @CH_Gallois,0.9807574152946472
1594,PER,Asselineau,0.998953640460968
1595,ORG,RNational_off,0.812025785446167
1596,LOC,circonscription de la Gironde,0.7068109512329102
1597,ORG,Marine,0.8562605381011963
1598,LOC,M√©doc,0.9976189136505127
1599,LOC,M√©doc,0.9963099956512451
1600,ORG,Guantanamo,0.5084875226020813
1601,LOC,Gironde,0.9855729937553406
1602,ORG,SO_,0.7801837921142578
1603,LOC,Bordeaux,0.7282012104988098
1604,LOC,Gironde,0.9455016851425171
1605,ORG,Guantanamo,0.8278231024742126
1606,LOC,-gironde,0.9234623908996582
1607,ORG,guantanamo,0.7017478346824646
1608,ORG,So,0.6954072713851929
1609,ORG,SOB,0.6316145658493042
1610,LOC,ordeaux,0.5896322727203369
1611,ORG,SO_Bordeaux,0.7993935346603394
1612,ORG,so,0.7508586049079895
1613,ORG,bord,0.441324383020401
1614,LOC,Blayais,0.9988452792167664
1615,PER,@diaz_edwige,0.9509398341178894
1616,PER,Marine,0.9020990133285522
1617,ORG,RN,0.9804500341415405
1618,PER,fournas,0.5666499137878418
1619,ORG,SO_Bord,0.6969277858734131
1620,LOC,eaux,0.5569079518318176
1621,LOC,Gironde,0.9233473539352417
1622,ORG,Social-SOBordeaux,0.7011606097221375
1623,ORG,/SO_Bordeaux,0.8333315849304199
1624,ORG,so,0.8497904539108276
1625,ORG,bordeaux,0.6515200138092041
1626,PER,Macron,0.973727285861969
1627,LOC,SO_Bordeaux,0.822064220905304
1628,LOC,Bordeaux,0.9908186793327332
1629,LOC,ord,0.5284507274627686
1630,ORG,SO,0.42693090438842773
1631,LOC,_Bordeaux,0.6553447246551514
1632,LOC,bordeaux,0.38767367601394653
1633,ORG,#McKinsey,0.8104248046875
1634,MISC,CoDubost,0.8713178634643555
1635,ORG,SO,0.4187832474708557
1636,LOC,Bordeaux,0.8856098651885986
1637,LOC,M√©doc,0.946829080581665
1638,LOC,Carcans,0.9986870884895325
1639,LOC,Maubuisson,0.9986758232116699
1640,ORG,Social-SOB,0.4963412284851074
1641,LOC,ordeaux,0.5820392370223999
1642,ORG,SO_Bordeaux,0.6900109648704529
1643,PER,BourlieuxJimmy,0.9963203072547913
1644,PER,David_vanH,0.9766134023666382
1645,PER,Macron,0.9968230724334717
1646,PER,Macron,0.9870029091835022
1647,LOC,SO_Bordeaux,0.8014599680900574
1648,LOC,Bordeaux,0.989528477191925
1649,LOC,ord,0.5065086483955383
1650,ORG,SO_Bord,0.6176350712776184
1651,LOC,eaux,0.5014122724533081
1652,PER,Hidalgo,0.9978592991828918
1653,LOC,Paris,0.9931291937828064
1654,MISC,ChakTarSan,0.9752768874168396
1655,PER,@egregoire,0.6830506920814514
1656,PER,Melinda_1996_G,0.9895340800285339
1657,ORG,gdefournas,0.8172591924667358
1658,ORG,AN,0.7525681853294373
1659,ORG,@lesRepublicains,0.9288477897644043
1660,PER,Macron,0.9932733774185181
1661,PER,Jacques Perrin,0.9982043504714966
1662,PER,gdefournas,0.9870381951332092
1663,MISC,#,0.4509521722793579
1664,ORG,MarinePresidente,0.7513927221298218
1665,PER,Gleyze,0.9934981465339661
1666,LOC,SO_Bordeaux,0.7953121662139893
1667,LOC,Gironde,0.9823922514915466
1668,ORG,So,0.48882678151130676
1669,LOC,ordeaux,0.6074763536453247
1670,ORG,SO_,0.6177281141281128
1671,LOC,Bordeaux,0.7997348308563232
1672,ORG,UE,0.982995331287384
1673,LOC,La France,0.9287756085395813
1674,ORG,UE,0.986767590045929
1675,LOC,Bleu_Gironde,0.939780056476593
1676,PER,Macron,0.9937402009963989
1677,PER,Mar,0.366755872964859
1678,ORG,ine,0.30893415212631226
1679,PER,Pre,0.33499544858932495
1680,PER,Emmanuel Macron,0.9958446025848389
1681,PER,Emmanuel Macron,0.9984512329101562
1682,PER,MarinePresidente,0.5712043046951294
1683,PER,Macron,0.9983223080635071
1684,PER,Macron,0.9967503547668457
1685,MISC,Debat2022,0.6645451784133911
1686,PER,Macron,0.9981549382209778
1687,MISC,#Debat2022,0.8859025239944458
1688,PER,Mar,0.33966878056526184
1689,MISC,Zo√©,0.9887031316757202
1690,MISC,Debat2022,0.7456991672515869
1691,MISC,MarinePresidente,0.7592310309410095
1692,PER,Macron,0.9957674741744995
1693,MISC,Fran√ßais,0.5825827717781067
1694,PER,CharlesPrats,0.9966082572937012
1695,MISC,#FactChecking #2022LeD√©bat,0.9273763298988342
1696,PER,M. le Pdt,0.9636598825454712
1697,PER,CharlesPrats,0.9969399571418762
1698,PER,charlesprats,0.9920976758003235
1699,PER,#MarinePre,0.5176526308059692
1700,ORG,sident,0.44214731454849243
1701,PER,e,0.4411814510822296
1702,MISC,#Debat2022,0.7635446786880493
1703,PER,#M,0.6050161123275757
1704,MISC,cKinsey,0.5348073244094849
1705,MISC,ParisMatch,0.9765219688415527
1706,PER,Bruno Le Maire,0.9990947842597961
1707,PER,Marine Le Pen,0.9988889098167419
1708,LOC,la France,0.9078369736671448
1709,LOC,Russie,0.955376923084259
1710,PER,Bruno-Le-Maire-,0.9984773993492126
1711,PER,-Marine-Le-Pen,0.9982649683952332
1712,LOC,la-France,0.860473096370697
1713,LOC,Russie,0.9236013293266296
1714,MISC,ParisMatch,0.8741354942321777
1715,MISC,paris,0.5039418935775757
1716,LOC,Russe,0.7193468809127808
1717,ORG,BFMTV,0.9924347996711731
1718,MISC,Pr√©sidentielle,0.8897518515586853
1719,PER,Alexe√Ø Navalny,0.9991475939750671
1720,PER,Emmanuel Macron,0.9982041120529175
1721,ORG,fm,0.8251683712005615
1722,PER,alexei,0.9980142712593079
1723,PER,navalny,0.9988036155700684
1724,ORG,BFMTV,0.991326630115509
1725,ORG,bfmtv,0.8615672588348389
1726,LOC,Bleu_Gironde,0.9787872433662415
1727,PER,@,0.5604778528213501
1728,PER,@j_lestage @J_Bardella,0.9196355938911438
1729,ORG,@franceinfo @enmarchefr @EnsembleEMacron,0.9065210819244385
1730,PER,j_lestage,0.7718193531036377
1731,PER,Bardella,0.9970828890800476
1732,PER,#Macinsey,0.9753713607788086
1733,LOC,France,0.964379072189331
1734,PER,jacobelli,0.6596809029579163
1735,LOC,Fran√ßais,0.8547508716583252
1736,ORG,@LCI,0.944366455078125
1737,PER,ljacobelli,0.8674057126045227
1738,PER,ljacobelli,0.9810264706611633
1739,ORG,SO_Bordeaux,0.8679735064506531
1740,LOC,Bordeaux,0.9790173172950745
1741,ORG,Social-SOBordeaux,0.8115664124488831
1742,ORG,SO_Bordeaux,0.9040950536727905
1743,ORG,so_bordeaux,0.7613388299942017
1744,ORG,BFMTV,0.9900393486022949
1745,PER,Emmanuel Macron,0.9984560608863831
1746,ORG,BFMTV,0.9860198497772217
1747,ORG,fm,0.8622231483459473
1748,ORG,franceinfo,0.8486921191215515
1749,MISC,Pr√©sidentielle,0.9157534837722778
1750,LOC,Strasbourg,0.9427228569984436
1751,PER,Luc Ravel,0.9968069195747375
1752,PER,Emmanuel Macron,0.9975959062576294
1753,ORG,francetvinfo,0.7881273627281189
1754,LOC,strasbourg,0.8894602656364441
1755,PER,luc,0.6913065314292908
1756,PER,ra,0.7452896237373352
1757,PER,uel,0.8941167593002319
1758,PER,macron,0.9446735382080078
1759,ORG,france,0.8370084762573242
1760,ORG,franceinfo,0.860011100769043
1761,LOC,Pauillac,0.9956838488578796
1762,LOC,Elys√©e,0.8879041075706482
1763,PER,Macron,0.9985504746437073
1764,ORG,BFMTV,0.9926150441169739
1765,PER,Macron,0.9985809326171875
1766,PER,Le Pen,0.9973372220993042
1767,ORG,fm,0.6768184900283813
1768,ORG,BFMTV,0.9885212779045105
1769,ORG,bfmtv,0.976078987121582
1770,PER,Macron,0.9973357319831848
1771,ORG,BFMTV,0.9897541403770447
1772,PER,Macron,0.9976925849914551
1773,PER,Le Pen,0.9972825050354004
1774,ORG,BFMTV,0.9898769855499268
1775,ORG,bfmtv,0.8749940395355225
1776,PER,LouvesMatthieu,0.7983148097991943
1777,PER,Matthieu,0.8748002052307129
1778,PER,Sarkozy,0.997373104095459
1779,PER,Kouchner,0.9990668892860413
1780,LOC,la France,0.914915919303894
1781,PER,Nicolas Sarkozy,0.9990283250808716
1782,PER,Macron,0.9985560774803162
1783,PER,NicolasSarkozy,0.9986017346382141
1784,PER,NicolasSarkozy,0.995153546333313
1785,PER,DiveBruno,0.9963804483413696
1786,ORG,lesRepublicains,0.9331601858139038
1787,PER,Monsieur Dive,0.9043486714363098
1788,PER,Marine,0.4314142167568207
1789,LOC,M√©doc,0.9948456883430481
1790,ORG,SO_,0.6484794616699219
1791,LOC,Bordeaux,0.7636711001396179
1792,MISC,Pr√©sidentielle,0.8042707443237305
1793,PER,Pierre Hurmic,0.9988847374916077
1794,LOC,Bordeaux,0.8864063024520874
1795,PER,pierre,0.8352649211883545
1796,PER,hurmic,0.9843279719352722
1797,ORG,So,0.6846629977226257
1798,ORG,SOB,0.4170492887496948
1799,LOC,ord,0.3969622850418091
1800,ORG,eaux,0.3830399811267853
1801,ORG,SO_Bordeaux,0.8589955568313599
1802,ORG,so,0.649761974811554
1803,ORG,bord,0.5158560872077942
1804,PER,Macron,0.9982271790504456
1805,PER,Macron,0.9982618689537048
1806,PER,Fillon,0.9987265467643738
1807,PER,Pecresse,0.9987419247627258
1808,PER,Pecresse,0.998282253742218
1809,ORG,CDEF,0.8316354155540466
1810,ORG,F_Desouche,0.9649396538734436
1811,LOC,Bordeaux,0.9960583448410034
1812,ORG,F_Desouche,0.7183179259300232
1813,ORG,Marine,0.9142860174179077
1814,LOC,M√©doc,0.9968518018722534
1815,PER,Val√©rie,0.8727693557739258
1816,LOC,Francais,0.5050199627876282
1817,LOC,la France,0.9245926141738892
1818,PER,Jean Luc Gleyze,0.9988250732421875
1819,PER,Isabelle Surply,0.9981769919395447
1820,PER,IsabelleSurply,0.9749947190284729
1821,MISC,EXAMEN,0.5116323828697205
1822,LOC,#SaintChamond,0.8740748763084412
1823,PER,IsabelleSurply,0.9959686994552612
1824,PER,isabellesurply,0.9798380732536316
1825,PER,Renaud_Sand,0.9989377856254578
1826,PER,@Renaud_Sand,0.9790733456611633
1827,PER,Hidalgo,0.9829123616218567
1828,PER,SergeZaka,0.923294723033905
1829,LOC,Ch√¢teauroux,0.9953057765960693
1830,PER,SergeZaka,0.9594969749450684
1831,PER,EmmanuelMacron,0.9987683892250061
1832,PER,Anne Marie Saliou,0.9981421232223511
1833,ORG,RN,0.6187366247177124
1834,PER,@DiveBruno,0.9846217036247253
1835,ORG,DiveBruno,0.6851949691772461
1836,PER,@bayrou,0.9857833981513977
1837,PER,@EPhilippe_LH,0.9690513610839844
1838,PER,@chevenement,0.9692890644073486
1839,PER,@ericwoerth,0.9828262329101562
1840,PER,@EmmanuelMacron,0.9834125638008118
1841,PER,MacronArena,0.7609865069389343
1842,ORG,BFMTV,0.9937729239463806
1843,PER,Jean Castex,0.99898761510849
1844,PER,Marine Le Pen,0.9983174204826355
1845,ORG,BFMTV,0.983418881893158
1846,ORG,fmtv,0.7587737441062927
1847,ORG,PS,0.9935442209243774
1848,ORG,Rolling Ifop,0.9924824237823486
1849,PER,Anne Hidalgo,0.9986206293106079
1850,ORG,#LCI,0.8448278307914734
1851,MISC,CerfiaFR,0.5940035581588745
1852,MISC,FLASH I,0.6027808785438538
1853,PER,Jean-Baptiste #Djebarri,0.9989922046661377
1854,MISC,Tiktok,0.8068965673446655
1855,PER,Val√©rie #P√©cresse,0.9988905787467957
1856,MISC,#Presidentielle2022,0.8672942519187927
1857,ORG,Cerfia,0.4628698229789734
1858,MISC,FR,0.5026201009750366
1859,LOC,SO_Bordeaux,0.8222382664680481
1860,LOC,Floirac,0.9980064034461975
1861,LOC,irac,0.9144757390022278
1862,ORG,SO_Bordeaux,0.5909945964813232
1863,PER,Willy Schrean,0.9900957345962524
1864,PER,Macron,0.991830050945282
1865,PER,Macron,0.9886505603790283
1866,ORG,SO,0.7836169600486755
1867,MISC,_,0.4044913947582245
1868,LOC,Bordeaux,0.48512235283851624
1869,LOC,Bordeaux,0.9544962048530579
1870,ORG,So,0.49823206663131714
1871,ORG,SOB,0.6610273122787476
1872,LOC,ordeaux,0.4674168825149536
1873,ORG,SO_Bordeaux,0.8248044848442078
1874,ORG,so,0.6605916619300842
1875,ORG,bordeaux,0.5866822004318237
1876,PER,stan_delloy,0.998253345489502
1877,ORG,LR,0.9937174320220947
1878,PER,GuillaumeDaret,0.998382568359375
1879,ORG,@lesRepublicains,0.9760521054267883
1880,PER,@AurelienPradie,0.958354651927948
1881,ORG,#LR,0.9675595164299011
1882,PER,#Macron,0.9914760589599609
1883,PER,#,0.9146957397460938
1884,ORG,LePen,0.7333659529685974
1885,PER,#Zemmour,0.8953935503959656
1886,PER,illaumedaret,0.865170955657959
1887,PER,Willy Schraen,0.9988170862197876
1888,ORG,Mediavenir,0.7428311109542847
1889,PER,Willy Schraen,0.9989836812019348
1890,ORG,F√©d√©ration des chasseurs,0.9208995699882507
1891,PER,Emmanuel #Macron,0.9981005787849426
1892,ORG,Le Parisien,0.8130618333816528
1893,MISC,Ukrainiens,0.6814841032028198
1894,LOC,Afrique,0.9437361359596252
1895,LOC,PrefAquitaine33,0.758487343788147
1896,PER,Fabienne BUCCIO,0.99659663438797
1897,LOC,Bordeaux,0.9965817332267761
1898,LOC,Bordeaux,0.9970688819885254
1899,LOC,Gironde,0.9975311160087585
1900,LOC,PrefAquitaine,0.6013345718383789
1901,ORG,GeWoessner,0.9450831413269043
1902,LOC,Guadeloupe,0.9954373240470886
1903,ORG,au Point,0.748887836933136
1904,LOC,Guadeloupe,0.9896694421768188
1905,ORG,GeWoessner,0.705604076385498
1906,LOC,M√©doc,0.9893393516540527
1907,PER,TauzierElodie,0.9851261973381042
1908,PER,Hollande,0.9945250749588013
1909,PER,Fran√ßois Hollande,0.9969556927680969
1910,ORG,Viticulteur,0.3405335545539856
1911,ORG,gdefournas,0.7675663232803345
1912,ORG,gdefournas,0.6165803074836731
1913,PER,√âric Zemmour,0.9968658685684204
1914,PER,Marine Le Pen,0.9847323894500732
1915,PER,Pecresse,0.9980632662773132
1916,PER,Morano,0.997358500957489
1917,PER,Pecresse,0.998911440372467
1918,ORG,LR,0.9947583079338074
1919,PER,Macron,0.986176073551178
1920,ORG,Medi,0.44747596979141235
1921,PER,Emmanuel #Macron,0.9753772616386414
1922,ORG,BFMTV,0.9925446510314941
1923,LOC,SO_Bordeaux,0.7744609713554382
1924,LOC,Mosqu√©e de Pessac,0.9722622036933899
1925,LOC,pessac,0.6176589727401733
1926,LOC,OBordeaux,0.8137428760528564
1927,ORG,SO_Bordeaux,0.6456471681594849
1928,ORG,so,0.6530035138130188
1929,ORG,bordeaux,0.5990515947341919
1930,MISC,JphTanguy,0.6808204054832458
1931,PER,Val√©rie P√©cresse,0.9991056323051453
1932,PER,Eric Zemmour,0.9990681409835815
1933,PER,Marine le Pen,0.9985243678092957
1934,MISC,FaceABaba,0.5903546810150146
1935,PER,P√©cresse,0.9984299540519714
1936,ORG,RN,0.9929059743881226
1937,LOC,Nouvelle Aquitaine,0.9976838231086731
1938,PER,LaurentLamara,0.9986101388931274
1939,PER,@B_Paluteau,0.9976928234100342
1940,ORG,@RNational_NA,0.9694593548774719
1941,LOC,#NouvelleAquitaine,0.8283486366271973
1942,PER,LaurentLamara,0.9986873865127563
1943,PER,laurentlamara,0.9971394538879395
1944,PER,Roussel,0.9988404512405396
1945,PER,Pecresse,0.9989596009254456
1946,PER,Roussel,0.9988278746604919
1947,PER,Le Pen,0.9971343278884888
1948,PER,Zemmour,0.9989184737205505
1949,PER,CercleAudace,0.9168129563331604
1950,LOC,Lyon,0.9893314838409424
1951,LOC,la Duch√®re,0.9119709134101868
1952,LOC,Mars,0.6522490382194519
1953,ORG,Bayer,0.9910509586334229
1954,LOC,la Duch√®re,0.9674714207649231
1955,PER,Christophe,0.9434505105018616
1956,MISC,Pr√©sidentielle,0.9343952536582947
1957,PER,Marine Le Pen,0.9984317421913147
1958,LOC,R√©publique,0.41105642914772034
1959,PER,Christophe Castaner,0.9989728927612305
1960,PER,sandrousseau,0.963177502155304
1961,MISC,accords d‚ÄôEvian,0.9944719672203064
1962,MISC,Vive d‚ÄôAlg√©rie,0.8295698165893555
1963,MISC,#Algerie60ans,0.6574550867080688
1964,PER,sandrousseau,0.9560211300849915
1965,PER,Jean_Raphael_S Pecresse,0.9983364939689636
1966,PER,GuillaumeDaret,0.9972128868103027
1967,PER,Emmanuel #Macron,0.9986635446548462
1968,ORG,franceinfo,0.8386756181716919
1969,PER,guillaumedaret,0.9922038316726685
1970,PER,Consigny,0.9975531697273254
1971,PER,Pecresse,0.9989483952522278
1972,PER,Zemmour,0.9990444183349609
1973,PER,Jadot,0.998926043510437
1974,PER,@MarleneSchiappa,0.9750652313232422
1975,ORG,MLP,0.4684065580368042
1976,PER,@yjadot,0.9942799210548401
1977,MISC,ace,0.502156674861908
1978,LOC,Saint Vivien du M√©doc,0.9905229210853577
1979,MISC,Basques,0.5735641717910767
1980,MISC,Bretons,0.6538515090942383
1981,ORG,Corse,0.6406471133232117
1982,MISC,_Matin,0.6036463379859924
1983,PER,G√©rald Darmanin,0.9986873269081116
1984,PER,d,0.5476016402244568
1985,PER,darmanin,0.9197871685028076
1986,ORG,Corse,0.6329962611198425
1987,MISC,_Matin,0.7222549319267273
1988,ORG,corse,0.7296757698059082
1989,PER,FrDesouche,0.6389894485473633
1990,PER,Imam,0.970302402973175
1991,ORG,SO_Bordeaux,0.8842757940292358
1992,LOC,Pessac,0.9970194101333618
1993,PER,Tareq Oubrou,0.9990898966789246
1994,LOC,pessac,0.9408929347991943
1995,PER,tareq,0.9824625849723816
1996,PER,oubrou,0.979232668876648
1997,ORG,com/SO_Bordeaux,0.7985674142837524
1998,ORG,so,0.5513312220573425
1999,ORG,VigneReussir,0.7899680733680725
2000,ORG,VigneRe,0.6280293464660645
2001,MISC,ussi,0.49809423089027405
2002,ORG,r,0.5421114563941956
2003,ORG,SO_Bord,0.6551514863967896
2004,LOC,eaux,0.5120785236358643
2005,LOC,Gironde,0.9906159043312073
2006,LOC,Pessac,0.9948036670684814
2007,LOC,ssac,0.8824468851089478
2008,LOC,ordeaux,0.4473104178905487
2009,ORG,SO_Bordeaux,0.7163481712341309
2010,PER,Jclefevre10,0.980939507484436
2011,PER,Zemmour,0.9990386962890625
2012,LOC,R√©publique,0.4533306956291199
2013,PER,Quatennens,0.9935727119445801
2014,PER,Adrien Quatennens,0.9983952641487122
2015,PER,AQuatennens,0.7639381289482117
2016,PER,Marine #LePen,0.9984555244445801
2017,PER,Cyrilhanouna,0.9981890320777893
2018,MISC,Face√ÄBaba,0.6408265829086304
2019,PER,ns,0.5653364658355713
2020,PER,Macron,0.9968751668930054
2021,MISC,Canard Enchain√©,0.7549868822097778
2022,PER,Emmanuel #Macron,0.9981288909912109
2023,LOC,Corse,0.9970288276672363
2024,PER,Yvan #Colonna,0.9982261657714844
2025,ORG,BFMTV,0.9940204620361328
2026,PER,Jean Castex,0.9984232783317566
2027,ORG,BFMTV,0.9830835461616516
2028,ORG,fmtv,0.8935869336128235
2029,LOC,Ukraine,0.8373072743415833
2030,PER,Tach√©,0.9940677881240845
2031,LOC,Mali,0.9910733103752136
2032,LOC,Burkinafaso,0.9905698299407959
2033,LOC,Aurelientache,0.38385066390037537
2034,LOC,Cergy,0.9931103587150574
2035,LOC,Ukraine,0.6305690407752991
2036,LOC,La France,0.9108628034591675
2037,MISC,RefugeesWelcome,0.9257870316505432
2038,PER,Aurelientache,0.9683469533920288
2039,PER,aurelientache,0.9192929267883301
2040,LOC,Bordeaux,0.995187520980835
2041,ORG,RN,0.98764568567276
2042,ORG,BFMTV,0.9917392730712891
2043,PER,Bruno Le Maire,0.9990242123603821
2044,MISC,en Ukraine,0.6509122848510742
2045,ORG,BFMTV,0.9830245971679688
2046,ORG,bfmtv,0.8454952836036682
2047,PER,Sarkozy,0.9840388894081116
2048,LOC,Alg√©rien,0.9704662561416626
2049,LOC,Guatanamo,0.9889036417007446
2050,LOC,Gironde,0.9936589598655701
2051,MISC,Djihad,0.9064380526542664
2052,LOC,saint,0.49932560324668884
2053,PER,-andre-de-cubzac,0.9568183422088623
2054,LOC,guantanamo,0.968992292881012
2055,LOC,ord,0.3728733956813812
2056,MISC,Facebook,0.706846296787262
2057,LOC,M√©doc,0.9978849291801453
2058,ORG,Mediavenir,0.8794156908988953
2059,PER,Michel-Edouard #Leclerc,0.998795747756958
2060,ORG,BFMTV,0.9549171924591064
2061,LOC,fran√ßais,0.6138816475868225
2062,PER,Macron,0.9943698048591614
2063,ORG,FRANCE INTER,0.981237530708313
2064,PER,Macron,0.9933605790138245
2065,LOC,Poissy,0.9897719621658325
2066,ORG,France Inter,0.9826483130455017
2067,ORG,franceinter,0.6338247656822205
2068,ORG,franceinter,0.8514094352722168
2069,PER,Macron,0.9986874461174011
2070,PER,GuillaumeDaret,0.998236358165741
2071,PER,Emmanuel #Macron,0.9949567317962646
2072,MISC,#Pr√©sidentielle2022,0.9615635871887207
2073,PER,guillaumedaret,0.7690309286117554
2074,MISC,Ukraine,0.6338448524475098
2075,PER,MarcDelatte,0.998682975769043
2076,PER,Capitaine,0.5226060748100281
2077,PER,EmmanuelMacron,0.9987189173698425
2078,PER,MarcDelatte,0.9985446333885193
2079,PER,marcdelatte,0.8701179623603821
2080,PER,Bruno,0.9537779688835144
2081,MISC,Mediavenir,0.4757121205329895
2082,PER,Bruno Le Maire,0.9989323616027832
2083,MISC,Fran√ßais,0.49805694818496704
2084,ORG,BFMTV,0.9028725028038025
2085,MISC,UkraineRussianWar,0.845748245716095
2086,MISC,UkraineRussie,0.6709082722663879
2087,ORG,gdefournas,0.7226492166519165
2088,MISC,√áa,0.6347932815551758
2089,ORG,SO_Bordeaux,0.8413753509521484
2090,LOC,Bordeaux,0.9866726398468018
2091,ORG,Conseil interprofessionnel du vin de Bordeaux,0.837839663028717
2092,ORG,Social-SOBordeaux,0.8614936470985413
2093,ORG,/SO_Bordeaux,0.8994300961494446
2094,ORG,so_bordeaux,0.7388182878494263
2095,MISC,#StopCensure,0.8897287845611572
2096,ORG,@RNational_off,0.987532913684845
2097,ORG,#Reconquete,0.8049354553222656
2098,MISC,Tw,0.49594882130622864
2099,ORG,itterFrance,0.6327254772186279
2100,PER,Eynaud_Marc,0.9989632368087769
2101,PER,BrndBenjamin,0.9989633560180664
2102,PER,JphTanguy,0.9989336133003235
2103,PER,Hugo Cl√©ment,0.993633508682251
2104,PER,MLP,0.554574728012085
2105,MISC,lyse,0.38270699977874756
2106,PER,NicolasFlorian,0.9970197677612305
2107,PER,Valerie,0.9643592834472656
2108,PER,Anne Sophie Lapix,0.9982507228851318
2109,LOC,Elys√©e20,0.7944431304931641
2110,ORG,SO_,0.796859622001648
2111,MISC,Bord,0.3893813490867615
2112,LOC,eaux,0.3895196318626404
2113,LOC,Bordeaux,0.9193931818008423
2114,ORG,So,0.5270150899887085
2115,ORG,SOBordeaux,0.6892878413200378
2116,ORG,SO_Bordeaux,0.9510957598686218
2117,ORG,so_bordeaux,0.7912212610244751
2118,MISC,Covid,0.9523799419403076
2119,MISC,Jeu des 7 differences,0.9946749806404114
2120,ORG,defournas,0.5566362738609314
2121,LOC,#Melilla,0.8924010992050171
2122,MISC,guerre en Ukraine,0.7434964776039124
2123,PER,G√©rald Darmanin,0.9987277984619141
2124,PER,Rousset,0.996519148349762
2125,LOC,Nouvelle Aquitaine,0.9963674545288086
2126,LOC,Salon,0.44471094012260437
2127,PER,Alain Rousset,0.9988873600959778
2128,LOC,Nouvelle-Aquitaine,0.9972014427185059
2129,PER,lain,0.6296766996383667
2130,PER,rousset,0.8686558604240417
2131,LOC,nouvelle,0.6476245522499084
2132,LOC,aquitain,0.8952586054801941
2133,PER,Macron,0.9101163744926453
2134,PER,Jean Pierre Pernaut,0.999065101146698
2135,LOC,la France,0.8915249109268188
2136,ORG,Mediavenir,0.8326128125190735
2137,PER,Christiane #Taubira,0.9987736344337463
2138,ORG,InfosBordeaux,0.8521642684936523
2139,ORG,SO_,0.6791017055511475
2140,LOC,Bordeaux,0.6956987380981445
2141,LOC,Bordeaux,0.9844234585762024
2142,PER,Saint-Michel,0.9722021222114563
2143,PER,saint-michel,0.9336320757865906
2144,LOC,OBordeaux,0.6944270133972168
2145,ORG,SO_Bordeaux,0.7612696886062622
2146,ORG,so,0.4348946511745453
2147,ORG,BFM,0.9853147268295288
2148,PER,DiveBruno,0.9868322610855103
2149,ORG,BFMTV,0.9930371642112732
2150,MISC,Guerre en Ukraine,0.9889774918556213
2151,PER,Bruno Le Maire,0.9989021420478821
2152,ORG,fmtv,0.762335479259491
2153,MISC,ukraine,0.5531136989593506
2154,ORG,BFMTV,0.9910435676574707
2155,ORG,bfmtv,0.9521996378898621
2156,PER,BrunoLeMaire,0.9991348385810852
2157,LOC,Russe,0.424748033285141
2158,PER,Jean Michel,0.9597219228744507
2159,LOC,InfosBordeaux,0.5095906853675842
2160,LOC,Bordeaux,0.9780539274215698
2161,PER,gabirobfrance,0.9782271981239319
2162,PER,Marine,0.9983727335929871
2163,PER,Pecresse,0.9990759491920471
2164,PER,Zemmour,0.9991159439086914
2165,PER,Sarkozy,0.9987167119979858
2166,PER,Pecresse,0.9990857243537903
2167,PER,Stephanini,0.9975621700286865
2168,PER,Pr√©sident @NicolasSarkozy,0.9764981865882874
2169,LOC,la France,0.8471957445144653
2170,ORG,Union europ√©enne,0.9825962781906128
2171,LOC,Ukraine,0.5946072340011597
2172,PER,Zemmour,0.9989051818847656
2173,ORG,MLP,0.8634055852890015
2174,PER,Bayrou,0.9987296462059021
2175,ORG,SO,0.5227270722389221
2176,MISC,_,0.3916296064853668
2177,LOC,Bordeaux,0.552972137928009
2178,MISC,: Guerre en Ukraine,0.8730860352516174
2179,LOC,Ukrainiens,0.8096997737884521
2180,LOC,Gironde,0.9820654988288879
2181,MISC,ukraine,0.5536112785339355
2182,LOC,-gironde,0.9627740979194641
2183,LOC,SOBordeaux,0.7263205647468567
2184,ORG,SO_B,0.6829605102539062
2185,LOC,ordeaux,0.4957425594329834
2186,ORG,so_bordeaux,0.7299984097480774
2187,LOC,Ukraine,0.8534513115882874
2188,ORG,BFMTV,0.9916459918022156
2189,ORG,bfmtv,0.9782717823982239
2190,LOC,kiev,0.9887294769287109
2191,ORG,BFMTV,0.9908788204193115
2192,ORG,bfmtv,0.9772226214408875
2193,ORG,Bleu_Gironde,0.6612510085105896
2194,LOC,mosqu√©e Al-Farouk,0.930136501789093
2195,LOC,Pessac,0.997017502784729
2196,ORG,Bleu_Gironde,0.6326403617858887
2197,MISC,Ukraine,0.7867985963821411
2198,PER,BHL,0.9971357583999634
2199,ORG,Monde,0.9935371279716492
2200,ORG,MLP,0.8272390961647034
2201,LOC,#Libourne,0.9315049052238464
2202,PER,SandrineCHADOU5 @DamienObrador @LedouxAlex33 @BourlieuxJimmy,0.9875664710998535
2203,PER,PierreLeCamus,0.9987081289291382
2204,ORG,Bleu_,0.5104400515556335
2205,LOC,Gironde,0.670264720916748
2206,LOC,Al Farouk,0.8815670013427734
2207,LOC,Pessac,0.9943430423736572
2208,ORG,Bleu_Gironde,0.8319790363311768
2209,PER,PierreLeCamus,0.9987830519676208
2210,PER,P√©cresse,0.9975759387016296
2211,PER,P√©cresse,0.9967767596244812
2212,MISC,Pr√©sidentielle,0.9105463027954102
2213,PER,P√©cresse,0.9969748854637146
2214,PER,Ciotti @Chez_Pol,0.9728625416755676
2215,PER,otti,0.6032146215438843
2216,PER,@DiveBruno,0.9668046832084656
2217,ORG,@sudouest,0.7892980575561523
2218,ORG,SO_,0.8822892904281616
2219,LOC,Bordeaux,0.6752522587776184
2220,LOC,Gironde,0.990807831287384
2221,PER,Simian,0.9938672184944153
2222,PER,simian,0.7832066416740417
2223,ORG,So,0.5595434904098511
2224,LOC,SOBordeaux,0.6781184077262878
2225,ORG,SO_B,0.6689601540565491
2226,LOC,ordeaux,0.5129637718200684
2227,ORG,so,0.6365509629249573
2228,ORG,bordeaux,0.4992721378803253
2229,LOC,SO_Bordeaux,0.7760989665985107
2230,LOC,Bordeaux,0.9868821501731873
2231,LOC,Europe,0.9711460471153259
2232,LOC,ordeaux,0.6052459478378296
2233,LOC,SO_Bordeaux,0.805774986743927
2234,PER,GilleHerve,0.9783757328987122
2235,PER,Hollande,0.997005045413971
2236,ORG,sudouest.,0.8702358603477478
2237,ORG,gdefournas,0.9545938968658447
2238,PER,EricPlayerone,0.9985736012458801
2239,PER,MLP,0.5469907522201538
2240,PER,@MLP_officiel,0.8874223828315735
2241,PER,@ZemmourEric,0.9957334399223328
2242,PER,@JLMelenchon,0.9869739413261414
2243,PER,MLP_officiel,0.7565534114837646
2244,LOC,Fran√ßais,0.8248948454856873
2245,ORG,MLP,0.6188054084777832
2246,ORG,F_Desouche,0.8574203848838806
2247,LOC,Pessac,0.9986228942871094
2248,ORG,des,0.6268218755722046
2249,LOC,pessac,0.7245031595230103
2250,ORG,F_Desouche,0.9522509574890137
2251,ORG,f_desouche,0.8214897513389587
2252,PER,J_Denormandie,0.9584075808525085
2253,LOC,Lourdes,0.9965751767158508
2254,ORG,BFMTV,0.9525330662727356
2255,LOC,Chine,0.9973617196083069
2256,ORG,BFMTV,0.9257750511169434
2257,ORG,fm,0.8504990339279175
2258,LOC,Pessac,0.9974584579467773
2259,ORG,Pref,0.8667144775390625
2260,LOC,Aquitaine33,0.7045493125915527
2261,ORG,20Minutes,0.9581996202468872
2262,LOC,Pessac,0.9970626831054688
2263,ORG,BFMTV,0.9935924410820007
2264,PER,Val√©rie P√©cresse,0.9990431666374207
2265,ORG,BFMTV,0.9921444058418274
2266,ORG,fm,0.9566890001296997
